Project ID,Region,Length (km),Delivery Model,CapEx ($M),Duration (months),Schedule Slip (%),Safety Incidents,Carbon Intensity (tCO2e/km)
RAIL001,Africa,37.6,Alliance,44.2,62,-7.3,1,749
RAIL002,Canada,49.1,EPC,2521.7,13,-0.6,23,635
RAIL003,Australia,73.7,Alliance,1004.1,36,-2.4,10,856
RAIL004,Africa,62.7,PPP,3746.3,70,-11.9,37,1068
RAIL005,Europe,25.1,Design-Bid-Build,616.4,22,-5.1,6,844
RAIL006,Asia,7.4,DBFOM,1327.7,99,1.0,14,703
RAIL007,Asia,64.4,DBFOM,1282.6,35,-2.0,12,946
RAIL008,South America,73.3,Alliance,141.9,50,-7.5,3,808
RAIL009,South America,64.2,PPP,55.9,74,7.6,1,781
RAIL010,Asia,45.8,Design-Bid-Build,1119.4,37,-9.2,13,929
RAIL011,Asia,65.9,EPC,1493.6,60,1.4,13,699
RAIL012,Africa,35.3,PPP,1282.2,38,-5.1,17,654
RAIL013,Australia,74.7,DBFOM,1592.6,58,3.7,15,862
RAIL014,South America,53.6,PPP,175.9,23,-0.9,1,891
RAIL015,Africa,42.0,Alliance,248.4,46,-9.5,1,758
RAIL016,USA,5.0,Design-Bid-Build,1539.1,32,5.3,13,555
RAIL017,Africa,82.3,DBFOM,1373.6,35,-0.8,8,827
RAIL018,Europe,39.5,Alliance,875.5,70,-4.4,13,781
RAIL019,South America,30.3,DBFOM,2695.9,70,0.1,23,692
RAIL020,Asia,53.2,Design-Bid-Build,309.6,59,-2.6,6,791
RAIL021,Africa,59.5,Design-Bid-Build,294.5,4,-2.5,1,828
RAIL022,Australia,45.9,Design-Bid-Build,0.1,53,1.6,0,710
RAIL023,Asia,45.1,Design-Bid-Build,2189.8,14,-8.1,18,758
RAIL024,South America,25.2,PPP,184.4,72,-7.6,1,700
RAIL025,Africa,44.1,EPC,3071.5,51,-5.4,31,686
RAIL026,Australia,45.4,DBFOM,834.4,13,-2.0,8,842
RAIL027,Africa,58.1,PPP,42.4,83,0.1,1,730
RAIL028,Australia,63.8,PPP,2271.0,25,5.8,16,910
RAIL029,Asia,47.1,Alliance,2569.7,86,3.0,25,842
RAIL030,USA,5.0,Design-Bid-Build,313.9,82,1.0,2,751
RAIL031,USA,36.8,PPP,545.3,25,-0.2,6,682
RAIL032,Africa,46.8,Alliance,2657.4,10,3.2,29,760
RAIL033,Asia,86.3,Alliance,2036.0,35,1.4,31,746
RAIL034,Europe,39.9,Design-Bid-Build,446.0,36,-3.3,2,1123
RAIL035,USA,47.4,Alliance,5903.8,23,3.3,57,933
RAIL036,Canada,23.9,PPP,3276.9,35,-7.8,29,954
RAIL037,Australia,35.6,Design-Bid-Build,753.8,26,1.4,7,549
RAIL038,South America,26.5,Alliance,4972.3,14,4.0,51,1035
RAIL039,Asia,82.2,Design-Bid-Build,444.9,31,-4.8,8,606
RAIL040,Europe,49.5,EPC,669.4,85,-3.5,10,929
RAIL041,Europe,29.4,PPP,1479.1,49,5.1,15,813
RAIL042,Africa,52.2,Alliance,3056.0,20,3.9,39,752
RAIL043,USA,54.0,Design-Bid-Build,978.2,48,-3.2,8,900
RAIL044,Europe,23.4,Alliance,9090.0,81,0.6,103,712
RAIL045,USA,49.2,PPP,2776.6,63,-9.6,28,568
RAIL046,South America,66.9,Alliance,2336.5,131,3.7,41,746
RAIL047,Australia,94.4,DBFOM,58.7,68,-1.2,0,533
RAIL048,USA,5.0,PPP,31.8,63,-6.9,0,1065
RAIL049,South America,59.5,EPC,110.2,17,0.8,2,949
RAIL050,USA,30.2,EPC,1658.1,23,1.1,16,1079
RAIL051,Africa,70.3,DBFOM,151.2,79,-4.3,0,763
RAIL052,Asia,60.2,Design-Bid-Build,2515.1,60,5.4,35,822
RAIL053,Africa,87.2,EPC,5916.5,39,-0.2,56,814
RAIL054,Africa,41.5,Alliance,2402.8,27,-4.3,26,682
RAIL055,Europe,84.3,EPC,1377.2,57,3.0,12,818
RAIL056,USA,43.9,DBFOM,6350.8,93,-1.3,77,814
RAIL057,Canada,44.3,Alliance,345.5,50,3.6,2,987
RAIL058,Europe,42.6,PPP,45.0,38,-3.3,0,822
RAIL059,Asia,65.2,Alliance,7950.2,37,4.5,92,826
RAIL060,South America,56.5,DBFOM,517.2,107,1.2,6,864
RAIL061,USA,70.7,DBFOM,0.1,6,-9.6,0,709
RAIL062,Africa,57.3,Design-Bid-Build,462.5,35,5.3,6,821
RAIL063,Asia,59.2,PPP,213.1,38,1.1,3,935
RAIL064,Asia,96.7,DBFOM,632.3,118,-1.0,4,583
RAIL065,Australia,28.9,EPC,5513.0,3,1.9,42,930
RAIL066,Asia,70.9,EPC,106.5,24,1.7,0,806
RAIL067,South America,19.4,DBFOM,2295.5,43,0.2,26,767
RAIL068,USA,68.7,DBFOM,823.1,60,-2.8,10,920
RAIL069,South America,55.2,Alliance,46.7,37,7.8,0,775
RAIL070,South America,34.5,Design-Bid-Build,12.8,24,-0.3,0,954
RAIL071,Canada,16.5,PPP,4920.8,22,0.5,50,921
RAIL072,Europe,60.8,EPC,1400.0,44,3.9,14,907
RAIL073,South America,30.3,PPP,689.4,63,-3.2,6,909
RAIL074,Africa,67.1,Alliance,102.3,88,7.2,1,708
RAIL075,Asia,58.5,DBFOM,124.8,16,-0.1,1,818
RAIL076,USA,20.9,EPC,95.4,36,3.4,3,867
RAIL077,Asia,44.3,EPC,752.0,19,-0.8,11,675
RAIL078,Europe,38.5,Alliance,1342.9,75,0.9,16,1060
RAIL079,South America,35.3,DBFOM,8126.4,106,1.7,111,726
RAIL080,Europe,71.5,PPP,120.4,132,2.8,1,728
RAIL081,Australia,34.9,Alliance,1172.5,12,-1.4,9,692
RAIL082,Australia,37.3,EPC,2795.7,71,-2.2,31,668
RAIL083,Australia,53.2,Alliance,4115.3,49,-0.8,43,914
RAIL084,South America,60.5,PPP,4952.5,13,10.6,50,887
RAIL085,Australia,52.9,Alliance,329.0,5,3.8,4,735
RAIL086,USA,42.1,PPP,2193.9,64,-3.8,18,703
RAIL087,USA,45.6,PPP,44.0,63,4.2,1,630
RAIL088,Europe,63.4,EPC,323.2,15,0.4,4,727
RAIL089,Europe,47.3,Design-Bid-Build,73.5,64,5.8,0,1053
RAIL090,Asia,27.1,Alliance,4150.1,12,-1.4,36,922
RAIL091,Africa,72.5,Design-Bid-Build,4416.5,25,5.8,45,860
RAIL092,Europe,46.4,PPP,2374.6,47,0.3,31,528
RAIL093,South America,54.5,Design-Bid-Build,513.4,13,8.5,4,830
RAIL094,Europe,65.5,Alliance,212.7,59,-4.4,3,778
RAIL095,Asia,25.1,Alliance,177.9,63,-8.2,0,1017
RAIL096,Africa,75.6,EPC,53.9,76,1.6,0,628
RAIL097,Canada,53.2,Design-Bid-Build,35.9,24,-4.8,2,927
RAIL098,USA,90.5,EPC,1556.4,23,-1.0,11,714
RAIL099,Europe,28.6,DBFOM,1194.3,19,2.5,11,875
RAIL100,Asia,72.7,Design-Bid-Build,118.9,15,-0.2,2,705
RAIL101,South America,36.9,Design-Bid-Build,1059.3,30,6.2,8,964
RAIL102,Europe,43.6,EPC,2053.0,38,-7.9,17,750
RAIL103,Canada,66.5,PPP,983.9,11,-1.0,13,841
RAIL104,Africa,36.1,DBFOM,957.5,24,-13.7,6,983
RAIL105,USA,60.4,PPP,1349.4,72,-0.4,17,783
RAIL106,Asia,70.7,PPP,35.5,11,4.7,0,894
RAIL107,Asia,48.0,Design-Bid-Build,2688.5,22,-5.2,32,647
RAIL108,Canada,37.3,EPC,972.4,62,-3.3,11,708
RAIL109,Australia,35.5,DBFOM,3543.5,65,-2.8,32,732
RAIL110,Canada,27.3,PPP,100.9,59,-4.1,0,969
RAIL111,Europe,37.3,PPP,468.5,94,6.2,4,957
RAIL112,Asia,74.8,DBFOM,1336.4,70,-4.1,16,840
RAIL113,Asia,50.3,Design-Bid-Build,773.4,18,1.4,10,645
RAIL114,Australia,46.8,DBFOM,2427.7,15,7.9,26,828
RAIL115,Africa,34.0,Design-Bid-Build,597.0,32,-1.6,2,759
RAIL116,Africa,65.1,DBFOM,1282.1,6,7.8,13,514
RAIL117,Asia,57.7,DBFOM,1232.9,48,-1.2,9,1053
RAIL118,Europe,93.7,EPC,0.1,46,4.0,0,880
RAIL119,USA,76.1,Alliance,1361.0,63,2.6,10,827
RAIL120,Australia,54.0,Design-Bid-Build,60.4,111,-5.2,1,969
RAIL121,Australia,19.0,PPP,505.4,24,5.9,7,1047
RAIL122,USA,35.9,DBFOM,1160.3,73,-7.4,10,873
RAIL123,USA,49.1,DBFOM,893.8,49,-0.4,10,759
RAIL124,Canada,54.6,EPC,1447.2,25,-8.1,14,853
RAIL125,Canada,40.1,Alliance,2302.8,70,4.2,21,851
RAIL126,USA,40.3,EPC,2.1,13,0.0,0,861
RAIL127,Asia,31.1,Alliance,1866.0,14,4.8,16,768
RAIL128,Asia,59.2,Alliance,392.6,14,0.5,4,695
RAIL129,Canada,84.1,DBFOM,422.1,63,-2.3,8,492
RAIL130,Europe,84.0,DBFOM,1235.4,53,-2.2,14,756
RAIL131,Africa,92.0,DBFOM,623.9,44,1.9,8,993
RAIL132,Canada,75.9,PPP,37.4,58,3.6,1,671
RAIL133,Asia,49.6,DBFOM,50.6,24,-1.3,0,773
RAIL134,USA,28.6,PPP,3823.8,20,-3.6,37,707
RAIL135,Asia,45.2,Design-Bid-Build,434.8,62,-3.3,4,865
RAIL136,South America,49.7,EPC,3032.5,39,-4.6,35,850
RAIL137,Canada,26.2,Design-Bid-Build,311.3,37,3.8,4,854
RAIL138,USA,57.5,Design-Bid-Build,125.5,5,1.6,2,960
RAIL139,Canada,67.5,Alliance,1851.7,117,6.2,22,703
RAIL140,Asia,59.8,Alliance,57.0,43,-2.2,0,851
RAIL141,Canada,18.0,DBFOM,4995.9,49,-6.6,36,932
RAIL142,Asia,45.1,DBFOM,4697.8,29,7.4,60,687
RAIL143,Asia,78.8,Design-Bid-Build,67.3,58,3.7,1,949
RAIL144,South America,62.5,DBFOM,0.0,64,-14.2,2,725
RAIL145,USA,45.2,Alliance,0.1,50,-0.1,0,1074
RAIL146,USA,5.0,Alliance,977.3,83,-3.0,6,923
RAIL147,South America,42.7,PPP,722.6,8,9.1,8,821
RAIL148,Asia,62.4,Alliance,104.9,7,-3.9,0,724
RAIL149,Europe,15.7,PPP,7240.0,38,2.5,70,758
RAIL150,Africa,32.1,DBFOM,1826.9,83,4.3,18,986
RAIL151,Australia,65.5,PPP,1479.2,58,2.2,24,1147
RAIL152,Canada,26.5,EPC,519.0,51,10.2,4,916
RAIL153,Africa,42.8,DBFOM,864.5,63,-4.1,7,720
RAIL154,Canada,51.9,EPC,0.1,18,-6.5,1,828
RAIL155,Europe,79.4,EPC,625.8,17,-5.4,7,328
RAIL156,Australia,23.7,Design-Bid-Build,296.6,24,-4.8,6,834
RAIL157,Australia,38.7,Alliance,2295.3,24,7.8,43,958
RAIL158,USA,49.6,Design-Bid-Build,4045.9,26,-2.2,36,730
RAIL159,South America,64.1,EPC,450.5,59,2.9,6,786
RAIL160,South America,64.4,Alliance,4533.6,16,-3.6,60,740
RAIL161,Europe,18.7,Alliance,5508.1,30,1.6,52,920
RAIL162,South America,38.6,PPP,945.9,104,-4.4,10,803
RAIL163,USA,46.5,Alliance,1280.3,15,-4.3,8,883
RAIL164,Europe,56.3,DBFOM,1394.7,49,-1.6,16,745
RAIL165,Asia,43.5,Alliance,1148.2,63,-4.6,15,955
RAIL166,South America,31.3,EPC,252.5,86,3.4,3,764
RAIL167,Europe,46.2,DBFOM,273.4,112,1.0,2,1033
RAIL168,South America,44.3,PPP,521.5,5,-5.6,4,921
RAIL169,Europe,32.2,DBFOM,1403.4,35,-9.9,12,1012
RAIL170,Asia,52.5,PPP,501.6,55,-8.5,7,806
RAIL171,Africa,43.8,PPP,833.3,9,1.6,8,919
RAIL172,Australia,56.6,DBFOM,78.8,30,-0.3,1,740
RAIL173,Europe,65.2,PPP,580.9,20,10.5,13,686
RAIL174,Australia,27.3,DBFOM,2369.8,50,7.3,26,604
RAIL175,Asia,67.7,PPP,2057.1,10,1.7,24,570
RAIL176,Asia,37.6,Alliance,305.4,72,5.3,6,689
RAIL177,Australia,70.8,DBFOM,6822.6,84,4.3,73,514
RAIL178,Canada,64.0,DBFOM,2538.0,59,3.7,32,835
RAIL179,Asia,33.5,EPC,316.8,18,-4.6,2,903
RAIL180,USA,55.6,DBFOM,236.2,24,-8.1,4,1020
RAIL181,Africa,30.2,EPC,887.1,6,0.0,6,1059
RAIL182,Africa,55.6,EPC,3274.1,11,-4.0,38,800
RAIL183,USA,24.0,EPC,303.9,50,-1.2,9,853
RAIL184,Canada,47.3,EPC,3455.4,35,1.1,28,958
RAIL185,Europe,67.3,PPP,261.4,5,-0.8,3,843
RAIL186,Australia,61.2,PPP,1385.7,72,2.8,16,1116
RAIL187,Africa,19.6,Design-Bid-Build,745.1,37,-0.5,6,642
RAIL188,Africa,67.5,Alliance,3745.4,50,8.0,39,935
RAIL189,Europe,85.1,DBFOM,1953.1,64,2.4,18,875
RAIL190,South America,58.1,Alliance,119.6,47,-0.3,0,751
RAIL191,Africa,26.8,Design-Bid-Build,42.1,61,-2.7,0,784
RAIL192,Canada,63.7,Design-Bid-Build,424.5,101,-12.0,2,916
RAIL193,USA,59.2,EPC,2087.3,9,0.2,20,822
RAIL194,Africa,29.9,PPP,566.4,94,-1.0,7,771
RAIL195,Asia,31.4,EPC,1988.2,25,-4.3,21,793
RAIL196,Canada,57.6,DBFOM,309.2,32,-4.5,6,873
RAIL197,Africa,40.7,Alliance,3800.9,9,2.0,35,927
RAIL198,South America,76.2,Design-Bid-Build,1465.6,51,-1.4,13,548
RAIL199,Africa,89.4,Design-Bid-Build,1246.6,14,12.2,12,955
RAIL200,USA,56.4,DBFOM,7859.0,62,0.8,69,799
RAIL201,Europe,24.7,EPC,1490.5,51,2.1,21,756
RAIL202,Africa,29.4,DBFOM,1546.9,97,-4.3,16,793
RAIL203,Europe,64.2,EPC,2410.8,25,-1.7,23,1021
RAIL204,USA,29.0,Design-Bid-Build,1997.1,63,-3.8,18,913
RAIL205,USA,82.9,DBFOM,122.7,24,1.6,2,834
RAIL206,Asia,50.1,DBFOM,60.9,25,10.1,1,839
RAIL207,USA,42.6,DBFOM,372.5,47,7.7,3,747
RAIL208,Canada,34.3,Alliance,13.3,56,1.5,0,452
RAIL209,Asia,24.6,DBFOM,9272.1,48,-5.9,77,709
RAIL210,USA,73.0,PPP,5403.3,29,1.1,59,654
RAIL211,South America,28.7,Design-Bid-Build,289.1,39,-4.1,3,917
RAIL212,South America,54.2,Design-Bid-Build,901.4,62,-3.3,16,714
RAIL213,Europe,42.4,EPC,4081.5,61,-0.1,43,898
RAIL214,Asia,22.8,DBFOM,3610.7,15,0.5,34,457
RAIL215,South America,50.7,Alliance,2806.8,63,4.0,37,460
RAIL216,Asia,60.9,Design-Bid-Build,1018.4,37,2.4,9,630
RAIL217,Africa,44.8,Design-Bid-Build,335.1,38,-2.8,3,885
RAIL218,Asia,55.8,Design-Bid-Build,758.6,36,-5.6,10,818
RAIL219,Asia,70.1,EPC,741.4,26,5.5,6,705
RAIL220,USA,56.5,Design-Bid-Build,610.3,89,-0.2,4,600
RAIL221,USA,34.1,EPC,5882.9,61,-0.0,52,1094
RAIL222,Asia,46.0,DBFOM,795.4,24,-1.3,10,604
RAIL223,Asia,50.8,EPC,57.5,59,-6.6,2,903
RAIL224,Canada,8.1,Alliance,1333.7,126,5.7,11,747
RAIL225,South America,79.0,EPC,546.6,60,-1.1,1,447
RAIL226,South America,35.2,DBFOM,1364.2,64,0.7,9,766
RAIL227,USA,64.1,Design-Bid-Build,4144.7,36,1.0,39,1001
RAIL228,USA,56.2,Alliance,3711.9,66,4.0,28,900
RAIL229,Canada,68.3,Design-Bid-Build,408.7,8,-0.2,4,820
RAIL230,Asia,68.6,PPP,756.7,50,5.7,10,623
RAIL231,South America,32.0,Alliance,634.3,64,-5.8,5,735
RAIL232,Africa,49.9,Alliance,298.2,23,1.2,2,724
RAIL233,Africa,38.9,Design-Bid-Build,46.3,9,-12.9,0,713
RAIL234,Europe,37.0,Design-Bid-Build,4394.4,12,7.2,58,770
RAIL235,Europe,58.0,PPP,423.5,51,12.2,6,424
RAIL236,Canada,55.4,EPC,20.7,12,6.6,0,742
RAIL237,Europe,73.2,DBFOM,169.0,74,1.9,0,754
RAIL238,Africa,47.6,EPC,72.1,51,5.5,0,906
RAIL239,USA,15.6,Design-Bid-Build,1420.8,84,0.3,16,679
RAIL240,Africa,75.3,Alliance,1390.1,50,-9.0,12,906
RAIL241,USA,80.8,DBFOM,441.5,23,-1.1,3,958
RAIL242,Canada,78.9,PPP,40.8,12,-1.0,0,614
RAIL243,Asia,45.4,DBFOM,174.0,107,0.6,2,759
RAIL244,Europe,42.0,Design-Bid-Build,973.9,42,-7.2,15,665
RAIL245,USA,5.0,PPP,2184.4,2,-1.1,19,613
RAIL246,USA,48.1,DBFOM,66.9,81,4.4,0,788
RAIL247,Europe,6.1,Alliance,26.3,1,3.1,1,883
RAIL248,Australia,67.4,PPP,394.5,35,7.1,2,861
RAIL249,Europe,51.8,PPP,826.2,17,4.0,13,857
RAIL250,Africa,41.4,Alliance,2443.7,63,11.2,14,664
RAIL251,South America,41.0,Design-Bid-Build,7394.0,0,0.3,80,882
RAIL252,Canada,68.4,EPC,582.0,72,3.8,7,802
RAIL253,Africa,85.7,Alliance,251.0,25,-0.0,5,659
RAIL254,Africa,47.6,PPP,171.8,10,-1.4,3,805
RAIL255,USA,33.6,PPP,1661.7,27,-9.6,16,840
RAIL256,Australia,72.2,DBFOM,299.6,15,-5.3,3,487
RAIL257,South America,79.8,EPC,4109.3,32,2.0,42,883
RAIL258,Canada,61.0,Design-Bid-Build,4225.2,12,-7.5,33,1123
RAIL259,Europe,13.4,DBFOM,10.4,62,-5.9,0,701
RAIL260,Europe,44.8,Design-Bid-Build,339.4,48,4.0,1,1123
RAIL261,Australia,30.7,Alliance,79.4,85,-16.4,1,891
RAIL262,USA,59.9,EPC,108.9,24,5.7,2,828
RAIL263,Europe,56.9,PPP,446.2,11,-2.6,2,807
RAIL264,Europe,80.7,Alliance,836.0,58,-2.1,10,633
RAIL265,Canada,28.7,Alliance,461.6,37,-3.9,7,786
RAIL266,South America,30.7,Alliance,187.5,40,-3.8,1,583
RAIL267,Europe,22.2,Alliance,1575.0,37,-3.3,17,681
RAIL268,Asia,59.4,PPP,2913.8,12,6.3,35,805
RAIL269,USA,21.8,DBFOM,11225.6,99,0.2,118,774
RAIL270,South America,38.9,EPC,610.4,48,4.2,7,569
RAIL271,South America,54.9,EPC,82.4,21,-0.8,0,823
RAIL272,USA,35.5,PPP,77.3,38,-4.4,1,672
RAIL273,Canada,56.7,Design-Bid-Build,91.5,61,-4.3,0,866
RAIL274,South America,88.4,Design-Bid-Build,868.3,76,5.2,10,837
RAIL275,USA,34.0,Alliance,41.5,38,-2.5,0,917
RAIL276,Canada,39.5,Design-Bid-Build,524.3,1,-1.2,4,770
RAIL277,South America,70.0,Alliance,3441.8,36,6.1,27,858
RAIL278,Canada,76.6,EPC,1176.6,48,-3.3,9,799
RAIL279,Africa,34.7,EPC,425.6,25,-2.3,2,645
RAIL280,USA,56.1,PPP,293.6,6,-3.8,1,789
RAIL281,Asia,87.8,Alliance,1512.0,47,-0.6,15,1000
RAIL282,Canada,67.1,Design-Bid-Build,3622.5,1,-1.0,31,1036
RAIL283,Asia,68.1,Alliance,3518.0,93,-2.8,30,643
RAIL284,Africa,33.7,Alliance,82.0,24,-14.6,0,556
RAIL285,Asia,51.6,EPC,617.9,51,-12.8,8,917
RAIL286,South America,67.9,DBFOM,6.6,10,-4.9,1,774
RAIL287,Canada,37.7,Alliance,332.3,53,6.7,5,915
RAIL288,Asia,37.0,EPC,5295.8,32,-1.4,61,969
RAIL289,Asia,71.7,Alliance,5119.4,14,-4.5,56,631
RAIL290,Africa,62.7,EPC,652.8,35,-3.6,6,913
RAIL291,Canada,43.2,Design-Bid-Build,2927.8,17,2.6,28,644
RAIL292,Australia,19.4,EPC,2790.8,31,-0.3,25,698
RAIL293,Australia,28.8,DBFOM,3977.4,20,2.5,30,845
RAIL294,Asia,61.5,EPC,834.9,55,-6.2,8,1021
RAIL295,Europe,21.2,PPP,8.9,121,2.8,1,692
RAIL296,USA,39.2,DBFOM,1156.3,87,-3.1,8,768
RAIL297,Canada,40.3,PPP,672.3,43,-2.4,5,675
RAIL298,USA,38.5,DBFOM,381.8,121,-0.4,3,1038
RAIL299,Australia,27.3,PPP,7784.5,76,10.1,65,688
RAIL300,Europe,80.3,EPC,1592.9,62,-4.2,22,706
RAIL301,Europe,5.0,DBFOM,231.7,49,6.9,3,795
RAIL302,Europe,41.4,EPC,90.1,43,-7.5,0,679
RAIL303,Asia,63.0,DBFOM,732.9,107,8.4,7,859
RAIL304,USA,42.8,Alliance,381.1,51,-8.1,4,784
RAIL305,Asia,64.6,PPP,1428.8,73,3.0,13,905
RAIL306,USA,43.8,Design-Bid-Build,217.6,62,7.8,0,545
RAIL307,Africa,59.0,DBFOM,3471.6,83,0.5,30,746
RAIL308,South America,10.0,EPC,2810.7,88,0.3,27,588
RAIL309,Europe,14.4,Design-Bid-Build,225.3,25,-5.3,2,717
RAIL310,Australia,38.9,EPC,745.6,25,-6.5,4,629
RAIL311,USA,72.5,EPC,62.9,49,-5.7,1,894
RAIL312,Canada,53.4,Design-Bid-Build,308.7,51,-4.3,2,969
RAIL313,Australia,84.4,Alliance,3905.8,54,-0.8,57,1050
RAIL314,Africa,30.5,Alliance,1884.2,4,3.7,15,728
RAIL315,Asia,45.0,PPP,2721.6,13,7.0,32,957
RAIL316,Asia,66.9,DBFOM,1794.8,98,1.7,15,881
RAIL317,Africa,30.4,DBFOM,3559.7,23,-4.1,36,784
RAIL318,South America,34.6,DBFOM,549.4,7,1.0,2,626
RAIL319,Asia,49.7,DBFOM,1783.2,16,-5.9,22,722
RAIL320,Australia,41.0,Alliance,1997.3,13,-6.2,12,808
RAIL321,Australia,46.7,EPC,333.8,64,1.5,6,734
RAIL322,South America,90.9,DBFOM,2319.4,0,5.2,23,745
RAIL323,Europe,40.7,Design-Bid-Build,211.1,10,7.4,1,614
RAIL324,South America,42.9,DBFOM,799.2,88,-5.7,4,1149
RAIL325,Europe,54.7,Alliance,808.8,49,-2.4,3,723
RAIL326,Africa,58.1,EPC,344.7,43,6.3,3,792
RAIL327,Canada,35.2,EPC,3736.8,73,2.3,46,821
RAIL328,Asia,30.9,EPC,2965.7,81,1.5,33,822
RAIL329,USA,64.5,PPP,202.5,29,-1.7,0,684
RAIL330,Africa,5.0,PPP,2419.8,37,6.3,41,941
RAIL331,Asia,22.5,DBFOM,486.7,35,4.0,6,1114
RAIL332,South America,61.2,Design-Bid-Build,581.4,26,-6.1,4,869
RAIL333,USA,44.5,PPP,24.7,14,2.5,0,1136
RAIL334,Europe,22.4,Design-Bid-Build,124.8,76,1.9,1,807
RAIL335,South America,54.4,DBFOM,748.6,35,-7.5,8,1001
RAIL336,USA,32.3,Design-Bid-Build,73.2,58,7.3,1,639
RAIL337,Europe,47.8,Alliance,335.5,109,-2.1,1,804
RAIL338,Australia,62.8,PPP,81.9,59,4.7,2,627
RAIL339,Africa,42.2,Alliance,98.3,30,7.6,0,876
RAIL340,USA,62.5,PPP,113.4,132,-0.7,0,723
RAIL341,South America,59.2,PPP,58.1,60,-5.8,0,827
RAIL342,Asia,18.4,Design-Bid-Build,305.4,89,7.3,4,995
RAIL343,South America,47.0,PPP,3054.8,251,3.1,28,959
RAIL344,USA,42.2,Alliance,644.9,12,-0.5,8,864
RAIL345,USA,56.9,PPP,810.6,82,-1.1,8,848
RAIL346,USA,60.6,Alliance,525.7,62,-2.3,9,439
RAIL347,Europe,91.5,Design-Bid-Build,277.4,38,-0.7,5,871
RAIL348,South America,78.5,DBFOM,1042.0,96,-5.0,5,825
RAIL349,Canada,48.9,Alliance,5413.3,14,3.3,71,915
RAIL350,USA,63.5,DBFOM,698.4,60,-8.3,10,664
RAIL351,Africa,42.7,Design-Bid-Build,4993.0,36,1.3,52,619
RAIL352,Asia,66.7,EPC,132.7,2,3.6,1,727
RAIL353,Africa,35.3,DBFOM,2361.4,20,0.7,23,700
RAIL354,Africa,58.1,DBFOM,13934.2,13,-3.1,117,794
RAIL355,Canada,56.1,Alliance,275.2,15,5.4,4,721
RAIL356,Asia,67.6,DBFOM,202.6,24,-4.3,0,912
RAIL357,Africa,78.9,DBFOM,3212.8,70,5.6,40,561
RAIL358,Australia,59.9,Alliance,42.1,51,2.4,0,848
RAIL359,South America,21.3,DBFOM,199.7,7,-5.2,3,916
RAIL360,Australia,51.9,DBFOM,879.7,64,-1.8,16,843
RAIL361,Australia,65.5,Alliance,1274.5,25,-2.7,12,734
RAIL362,Australia,36.2,Design-Bid-Build,1024.9,13,-4.9,9,690
RAIL363,Europe,54.1,DBFOM,63.8,50,-3.0,1,740
RAIL364,Canada,58.6,DBFOM,0.1,61,0.1,3,668
RAIL365,Europe,40.8,EPC,468.1,16,2.5,1,929
RAIL366,South America,33.6,DBFOM,552.2,11,-4.7,3,992
RAIL367,Europe,24.9,EPC,954.9,47,6.4,12,959
RAIL368,Africa,29.8,Design-Bid-Build,5707.5,119,0.8,53,875
RAIL369,USA,43.3,Alliance,249.9,24,-6.1,4,842
RAIL370,Australia,95.1,PPP,1888.2,24,-3.3,15,733
RAIL371,Australia,54.4,PPP,891.7,20,3.9,18,675
RAIL372,South America,24.4,EPC,120.8,95,-1.3,1,845
RAIL373,South America,26.9,DBFOM,1065.6,47,-1.8,9,466
RAIL374,Europe,58.9,EPC,590.1,48,7.9,5,887
RAIL375,Australia,67.6,DBFOM,2383.9,37,-7.4,16,885
RAIL376,Africa,56.0,Alliance,6331.4,32,-4.3,53,991
RAIL377,USA,47.0,EPC,1729.2,13,7.6,25,929
RAIL378,Europe,60.5,PPP,818.9,9,-9.7,8,693
RAIL379,Canada,82.7,PPP,165.1,62,-3.8,3,746
RAIL380,USA,53.6,Design-Bid-Build,718.0,25,3.8,11,944
RAIL381,Asia,63.3,Design-Bid-Build,2074.7,50,5.5,20,857
RAIL382,USA,55.2,Alliance,4247.2,15,-5.8,43,871
RAIL383,Asia,61.7,DBFOM,3256.5,36,-1.0,37,700
RAIL384,Africa,38.0,DBFOM,237.8,25,-3.5,4,856
RAIL385,Africa,57.2,EPC,1636.1,37,6.0,12,847
RAIL386,Asia,85.5,Design-Bid-Build,4.4,16,-0.6,0,975
RAIL387,Canada,32.3,PPP,2702.5,53,-3.0,39,871
RAIL388,USA,32.6,DBFOM,3352.2,6,6.4,22,916
RAIL389,Australia,26.9,Alliance,1248.4,36,-11.8,11,766
RAIL390,Asia,30.8,Design-Bid-Build,402.1,8,2.4,3,903
RAIL391,Europe,52.8,Design-Bid-Build,288.4,64,-10.9,4,893
RAIL392,Europe,92.6,Design-Bid-Build,191.5,50,9.3,1,844
RAIL393,Asia,44.3,Alliance,1001.3,52,0.9,9,796
RAIL394,Canada,76.3,PPP,110.0,50,-2.5,1,588
RAIL395,Asia,47.8,Design-Bid-Build,2665.4,18,-1.5,23,975
RAIL396,Africa,65.8,DBFOM,1234.8,32,7.1,16,825
RAIL397,South America,69.2,Design-Bid-Build,451.7,63,5.7,7,1187
RAIL398,South America,36.8,Design-Bid-Build,477.7,44,-1.7,6,697
RAIL399,Australia,67.8,EPC,1949.9,36,1.4,30,757
RAIL400,Asia,92.7,EPC,210.5,59,1.3,2,761
RAIL401,Africa,27.2,Design-Bid-Build,959.3,35,1.3,15,627
RAIL402,Australia,74.8,Alliance,104.3,45,9.5,0,802
RAIL403,South America,76.5,PPP,0.1,42,6.6,0,883
RAIL404,Asia,58.7,PPP,356.7,9,-0.8,3,715
RAIL405,South America,71.5,DBFOM,2846.4,54,-3.1,20,829
RAIL406,Africa,65.8,EPC,235.5,51,-1.3,3,926
RAIL407,Europe,61.2,DBFOM,4771.5,43,0.4,42,759
RAIL408,USA,53.0,PPP,1178.8,24,-0.7,10,814
RAIL409,Asia,14.2,DBFOM,938.0,2,6.6,10,688
RAIL410,USA,70.7,DBFOM,269.7,30,3.5,0,909
RAIL411,Australia,52.5,Alliance,1035.9,47,-6.0,14,769
RAIL412,Australia,27.1,EPC,98.4,18,6.7,1,1072
RAIL413,South America,54.9,Design-Bid-Build,638.8,33,-0.3,6,650
RAIL414,Africa,30.1,Design-Bid-Build,32.4,60,-1.4,1,957
RAIL415,Asia,54.4,Alliance,54.4,62,-8.3,0,758
RAIL416,Africa,41.8,PPP,249.8,12,-2.7,1,883
RAIL417,Africa,91.1,Alliance,419.5,11,-2.4,6,798
RAIL418,Africa,77.3,DBFOM,342.2,62,2.3,1,938
RAIL419,Asia,46.3,PPP,1348.4,47,-1.4,18,544
RAIL420,Europe,6.7,Design-Bid-Build,431.7,6,1.8,6,498
RAIL421,Australia,78.3,Design-Bid-Build,505.0,127,-6.0,3,709
RAIL422,South America,12.2,DBFOM,1298.6,60,-0.7,10,582
RAIL423,Africa,41.3,PPP,1536.4,11,-2.4,9,707
RAIL424,Asia,51.4,Alliance,155.3,23,5.6,1,833
RAIL425,Australia,55.3,EPC,7527.3,3,-1.0,60,911
RAIL426,Australia,52.7,DBFOM,1070.6,82,-4.7,12,965
RAIL427,Asia,35.2,DBFOM,1324.3,42,-4.6,22,616
RAIL428,Canada,53.7,DBFOM,54.8,11,2.4,0,1206
RAIL429,Africa,33.8,PPP,316.3,20,6.6,7,660
RAIL430,South America,51.1,Alliance,603.6,29,-3.7,4,550
RAIL431,Europe,67.8,Alliance,222.3,63,-1.1,1,544
RAIL432,Canada,47.4,Alliance,4669.7,50,1.4,45,752
RAIL433,Canada,31.0,DBFOM,601.5,32,4.5,5,1155
RAIL434,Asia,33.0,DBFOM,1117.6,10,-6.6,10,818
RAIL435,South America,31.2,Design-Bid-Build,2867.7,49,-1.2,29,709
RAIL436,Africa,47.0,DBFOM,374.3,117,1.8,3,812
RAIL437,South America,46.1,EPC,1134.7,53,-0.7,6,950
RAIL438,South America,55.7,DBFOM,118.2,15,-2.6,2,1035
RAIL439,Europe,56.1,DBFOM,792.7,17,-2.4,4,736
RAIL440,USA,38.0,PPP,292.7,48,7.0,3,876
RAIL441,USA,56.6,Alliance,57.3,76,5.3,2,908
RAIL442,South America,32.3,PPP,3359.6,65,1.7,29,692
RAIL443,Africa,62.6,EPC,2211.3,41,-6.1,19,717
RAIL444,USA,26.4,Design-Bid-Build,5704.1,48,2.2,51,619
RAIL445,Asia,41.1,PPP,384.1,87,1.8,4,914
RAIL446,Africa,42.9,Alliance,90.0,38,2.2,0,762
RAIL447,Canada,28.0,Design-Bid-Build,4795.6,15,-3.1,41,836
RAIL448,USA,75.6,Design-Bid-Build,7112.8,13,1.1,77,791
RAIL449,Canada,32.9,EPC,3049.9,25,-5.9,30,625
RAIL450,Canada,31.7,DBFOM,1466.9,70,-3.9,12,571
RAIL451,USA,60.7,Design-Bid-Build,828.6,35,3.4,9,668
RAIL452,Canada,75.5,EPC,526.7,62,4.9,5,723
RAIL453,USA,36.6,Alliance,1871.9,73,8.2,17,884
RAIL454,Africa,98.7,Design-Bid-Build,784.2,21,-3.1,7,1088
RAIL455,South America,46.4,Alliance,143.0,36,0.2,1,947
RAIL456,South America,9.4,Design-Bid-Build,13.8,50,2.5,1,1161
RAIL457,Europe,80.9,Alliance,6555.2,48,1.1,65,692
RAIL458,Europe,73.8,PPP,3642.3,13,3.3,34,803
RAIL459,Asia,75.6,Design-Bid-Build,0.1,13,-4.3,0,744
RAIL460,Europe,65.6,Design-Bid-Build,2899.5,60,-0.8,32,1016
RAIL461,Australia,67.9,EPC,7556.5,10,-2.1,72,766
RAIL462,Africa,42.0,Design-Bid-Build,35.1,85,8.1,1,739
RAIL463,South America,64.5,Alliance,124.4,74,4.4,1,885
RAIL464,USA,52.1,EPC,97.3,27,2.1,0,986
RAIL465,Canada,57.7,Alliance,1430.5,32,1.8,12,829
RAIL466,South America,98.4,DBFOM,1705.7,63,5.2,17,621
RAIL467,Europe,63.9,Design-Bid-Build,8394.4,39,-1.3,83,597
RAIL468,Africa,88.0,Alliance,2040.2,11,-4.4,19,660
RAIL469,Asia,72.0,PPP,1951.8,4,7.7,18,846
RAIL470,Canada,48.8,PPP,3873.4,36,4.1,27,782
RAIL471,Asia,72.5,EPC,128.2,24,6.6,3,543
RAIL472,Australia,81.0,DBFOM,41.8,35,2.6,0,991
RAIL473,USA,29.2,DBFOM,388.7,49,7.5,3,920
RAIL474,Europe,27.6,DBFOM,6135.3,3,8.5,67,796
RAIL475,South America,62.4,EPC,582.7,87,-1.3,3,802
RAIL476,Canada,31.2,Design-Bid-Build,1346.5,46,0.5,18,692
RAIL477,USA,65.3,Design-Bid-Build,2734.5,85,-1.9,24,1061
RAIL478,USA,44.2,EPC,721.0,28,-3.3,8,887
RAIL479,USA,59.9,PPP,379.6,23,2.7,1,845
RAIL480,USA,88.7,PPP,550.5,4,5.7,9,1064
RAIL481,Australia,52.7,EPC,258.7,119,-7.0,6,1102
RAIL482,USA,91.9,Alliance,2875.5,19,2.9,24,787
RAIL483,USA,56.6,Design-Bid-Build,118.8,36,-5.6,1,928
RAIL484,South America,64.6,PPP,2141.5,54,5.9,16,747
RAIL485,Asia,29.3,PPP,2198.8,73,-1.6,22,860
RAIL486,Australia,51.2,EPC,2047.2,53,3.2,22,797
RAIL487,Australia,82.1,Alliance,2234.2,28,-0.3,27,809
RAIL488,Australia,11.9,Alliance,573.3,8,-1.3,5,722
RAIL489,Europe,78.7,DBFOM,736.7,63,-3.3,7,792
RAIL490,USA,42.3,DBFOM,390.1,47,4.4,3,972
RAIL491,USA,63.3,Alliance,22.9,48,2.8,1,970
RAIL492,Asia,81.6,Design-Bid-Build,3114.7,63,-0.8,21,795
RAIL493,Canada,43.0,EPC,2773.7,51,-5.5,26,715
RAIL494,Europe,80.6,DBFOM,542.8,51,1.0,10,612
RAIL495,Asia,82.6,Design-Bid-Build,5194.5,15,-5.4,71,878
RAIL496,Europe,56.4,DBFOM,1576.4,40,-7.0,9,777
RAIL497,Asia,70.4,PPP,1349.7,82,0.3,12,1126
RAIL498,Asia,70.3,Design-Bid-Build,2310.2,13,-3.1,30,670
RAIL499,Europe,31.3,Design-Bid-Build,22.4,15,-5.9,1,1044
RAIL500,Africa,35.3,PPP,6466.9,16,8.4,65,806
RAIL501,Europe,53.4,PPP,2201.0,70,-0.0,27,839
RAIL502,USA,5.0,Alliance,928.2,46,3.7,10,688
RAIL503,Europe,16.8,EPC,5669.6,13,1.3,45,714
RAIL504,USA,51.2,DBFOM,546.3,71,-2.5,8,787
RAIL505,Asia,45.9,PPP,4215.4,42,2.4,20,892
RAIL506,Africa,64.3,PPP,220.4,16,12.7,1,838
RAIL507,Australia,74.4,EPC,2088.4,63,6.6,12,1060
RAIL508,USA,63.2,Design-Bid-Build,86.6,3,-0.1,2,691
RAIL509,Africa,27.2,PPP,1614.1,49,-6.2,16,702
RAIL510,Asia,5.0,EPC,239.0,50,0.2,3,902
RAIL511,Africa,55.4,EPC,323.0,75,-1.3,4,799
RAIL512,USA,61.1,Design-Bid-Build,844.2,15,-3.8,8,936
RAIL513,Australia,24.2,Alliance,518.9,49,-9.8,6,381
RAIL514,South America,39.2,Design-Bid-Build,244.5,21,3.3,3,537
RAIL515,USA,13.7,EPC,3387.7,23,3.5,30,683
RAIL516,Australia,29.4,Design-Bid-Build,603.8,97,2.8,6,857
RAIL517,Europe,40.5,PPP,1317.2,52,-2.8,7,678
RAIL518,South America,43.7,DBFOM,299.8,13,-1.0,0,804
RAIL519,Africa,40.8,Alliance,134.1,18,-4.9,1,716
RAIL520,USA,56.8,EPC,1989.0,83,1.8,19,565
RAIL521,Asia,81.5,Alliance,3880.2,29,8.1,47,625
RAIL522,USA,80.7,PPP,1246.7,9,-9.0,11,629
RAIL523,Asia,37.1,EPC,223.0,53,-1.2,1,598
RAIL524,USA,39.1,Alliance,36.2,28,-0.2,1,530
RAIL525,Canada,45.0,EPC,185.1,65,3.0,2,531
RAIL526,Asia,58.9,Alliance,396.6,24,3.4,3,1096
RAIL527,Canada,44.1,Alliance,397.1,11,-0.4,5,1024
RAIL528,Australia,37.4,Design-Bid-Build,26.0,32,1.0,1,1024
RAIL529,Asia,39.7,EPC,1536.2,36,-5.4,10,623
RAIL530,Africa,29.5,EPC,472.2,34,-5.3,2,841
RAIL531,Canada,49.2,PPP,7839.2,5,8.8,78,1078
RAIL532,Australia,50.0,DBFOM,8181.8,28,1.7,61,817
RAIL533,Australia,44.7,DBFOM,1284.6,35,-4.4,13,863
RAIL534,Australia,34.5,EPC,11.4,50,7.3,0,729
RAIL535,Australia,76.8,DBFOM,540.2,77,6.8,3,802
RAIL536,South America,35.1,PPP,951.8,15,7.6,15,996
RAIL537,Europe,29.2,EPC,1475.0,15,0.5,15,959
RAIL538,USA,33.1,DBFOM,2484.3,25,9.8,21,654
RAIL539,Australia,64.0,DBFOM,2757.3,20,0.2,29,607
RAIL540,South America,68.9,Alliance,1073.0,48,1.8,7,875
RAIL541,Australia,62.9,PPP,995.7,13,5.4,11,869
RAIL542,Asia,54.4,PPP,202.9,74,-1.3,2,999
RAIL543,Europe,49.1,DBFOM,30.5,1,0.9,0,658
RAIL544,Canada,41.0,Alliance,948.9,38,4.8,11,968
RAIL545,USA,49.0,PPP,345.5,12,4.7,9,607
RAIL546,Australia,55.1,EPC,335.9,59,-0.3,1,931
RAIL547,South America,45.1,Alliance,432.3,15,1.4,4,561
RAIL548,Africa,105.4,DBFOM,997.5,47,-0.9,8,1076
RAIL549,USA,28.6,PPP,1968.7,130,-1.9,8,922
RAIL550,Canada,70.3,DBFOM,1097.8,74,2.9,9,1011
RAIL551,USA,72.3,EPC,867.4,76,7.5,8,1016
RAIL552,Canada,85.8,PPP,1340.8,31,-7.3,12,791
RAIL553,Africa,25.3,Alliance,5419.4,74,0.9,58,750
RAIL554,Australia,29.5,Design-Bid-Build,1864.1,214,-1.5,25,563
RAIL555,Australia,68.3,Alliance,28.4,9,-4.4,0,715
RAIL556,Europe,83.9,Design-Bid-Build,194.8,50,-4.5,1,666
RAIL557,Africa,75.9,DBFOM,133.1,9,-2.5,0,1069
RAIL558,Asia,56.1,DBFOM,1099.5,79,0.1,13,1044
RAIL559,Australia,26.1,Alliance,3711.8,47,-10.5,39,1021
RAIL560,Europe,65.8,EPC,1085.4,36,-10.6,10,719
RAIL561,Africa,46.7,Alliance,1667.5,67,-7.8,18,860
RAIL562,USA,51.6,PPP,0.1,46,-7.9,0,775
RAIL563,Asia,51.0,DBFOM,449.1,18,-6.1,2,765
RAIL564,Europe,46.4,DBFOM,1245.8,81,0.1,16,793
RAIL565,Asia,101.3,Alliance,28.4,37,3.5,1,814
RAIL566,USA,17.4,PPP,2189.4,104,-3.8,30,830
RAIL567,Australia,28.7,EPC,2053.5,32,4.4,21,857
RAIL568,Africa,38.7,EPC,1416.9,106,4.5,11,661
RAIL569,Asia,40.9,Design-Bid-Build,1142.7,10,-3.2,14,928
RAIL570,USA,56.3,PPP,2.7,51,-6.5,0,981
RAIL571,Europe,39.9,PPP,3859.4,29,-1.1,35,854
RAIL572,USA,89.0,EPC,2957.0,19,4.3,31,742
RAIL573,Europe,74.0,PPP,313.5,43,-9.0,3,555
RAIL574,Canada,16.7,EPC,173.2,2,7.5,2,888
RAIL575,Canada,86.5,Design-Bid-Build,837.9,36,-0.3,7,579
RAIL576,Australia,42.8,EPC,461.4,6,6.7,5,701
RAIL577,USA,69.8,Alliance,5135.7,22,-4.5,52,731
RAIL578,Canada,31.5,PPP,645.9,36,2.9,13,729
RAIL579,Asia,16.9,DBFOM,878.8,61,-5.9,6,943
RAIL580,Africa,80.1,Alliance,1290.8,38,3.5,13,914
RAIL581,Europe,54.6,EPC,4714.5,25,-0.4,42,616
RAIL582,Africa,22.5,Design-Bid-Build,219.7,99,-11.2,2,1032
RAIL583,South America,62.8,Alliance,4794.5,48,2.1,41,587
RAIL584,Europe,27.0,EPC,1246.4,140,-5.0,8,836
RAIL585,Canada,64.0,DBFOM,0.1,59,-1.1,1,643
RAIL586,USA,50.2,PPP,35.9,12,-7.0,0,825
RAIL587,Asia,39.1,EPC,603.6,66,1.6,4,655
RAIL588,Europe,61.5,EPC,958.3,20,1.2,7,774
RAIL589,Australia,56.7,DBFOM,495.5,76,-4.1,6,611
RAIL590,USA,39.2,Design-Bid-Build,297.6,34,-0.6,2,952
RAIL591,Europe,76.2,Design-Bid-Build,17.0,36,-2.7,3,872
RAIL592,Canada,34.8,Alliance,453.1,26,-3.4,1,710
RAIL593,USA,41.0,PPP,2038.2,19,-4.4,23,1149
RAIL594,South America,42.9,Design-Bid-Build,0.1,5,-6.8,1,788
RAIL595,Asia,26.9,PPP,1024.3,45,-2.3,10,964
RAIL596,Australia,32.7,PPP,1379.1,23,2.8,14,696
RAIL597,Canada,73.6,Alliance,1764.4,34,3.2,16,794
RAIL598,Africa,85.8,PPP,336.4,62,-0.3,1,941
RAIL599,Europe,70.3,Alliance,6198.1,59,2.0,69,765
RAIL600,USA,29.6,Design-Bid-Build,3223.6,73,-5.0,39,862
RAIL601,Australia,37.1,Alliance,802.4,121,10.4,7,836
RAIL602,Australia,68.0,PPP,17.4,73,1.9,0,730
RAIL603,Canada,8.6,Design-Bid-Build,0.4,34,-2.7,0,944
RAIL604,Canada,59.1,DBFOM,355.0,35,4.7,1,850
RAIL605,South America,20.5,DBFOM,465.2,5,-4.9,10,456
RAIL606,Australia,51.9,PPP,1143.9,47,-8.1,12,763
RAIL607,Africa,51.6,Design-Bid-Build,3026.7,74,5.4,30,583
RAIL608,South America,75.9,EPC,577.9,40,6.8,4,758
RAIL609,USA,43.3,Design-Bid-Build,422.4,127,-0.4,5,995
RAIL610,Africa,100.9,PPP,229.8,53,0.2,4,638
RAIL611,Europe,46.3,Design-Bid-Build,7479.4,8,-0.2,55,666
RAIL612,Asia,19.9,Alliance,13.7,14,0.6,1,1035
RAIL613,USA,43.5,DBFOM,1507.2,24,-3.3,18,776
RAIL614,South America,11.6,Design-Bid-Build,231.0,6,-4.0,4,800
RAIL615,Africa,34.1,PPP,643.4,50,1.3,7,610
RAIL616,Australia,42.9,PPP,341.8,5,2.1,2,822
RAIL617,Africa,58.4,EPC,6327.1,25,3.7,70,895
RAIL618,Asia,84.6,DBFOM,3085.7,48,-0.7,28,878
RAIL619,South America,46.3,Alliance,1245.0,10,6.2,15,635
RAIL620,Africa,30.4,Alliance,1253.2,46,-1.6,14,1074
RAIL621,Canada,59.4,PPP,509.3,17,2.1,3,513
RAIL622,Africa,98.2,EPC,277.0,85,-4.6,1,534
RAIL623,Australia,52.7,EPC,400.7,17,1.3,5,829
RAIL624,Africa,34.3,PPP,63.3,24,-0.5,0,524
RAIL625,Asia,35.8,DBFOM,444.2,81,5.7,4,859
RAIL626,Asia,56.8,Alliance,74.2,4,-0.3,1,753
RAIL627,Asia,33.2,EPC,4764.2,84,-4.6,41,972
RAIL628,USA,58.0,EPC,7041.5,66,-4.1,60,827
RAIL629,USA,42.2,PPP,843.4,63,5.3,5,860
RAIL630,Australia,51.8,EPC,536.0,65,0.9,3,966
RAIL631,Australia,25.7,EPC,204.1,5,1.3,4,728
RAIL632,USA,68.7,PPP,3686.0,79,4.3,31,831
RAIL633,Australia,56.7,EPC,649.3,76,2.3,11,816
RAIL634,Europe,37.0,Alliance,372.1,115,7.9,2,858
RAIL635,Canada,54.9,EPC,1630.6,51,-2.5,14,634
RAIL636,Europe,26.8,PPP,1205.4,29,4.0,14,970
RAIL637,Africa,37.5,DBFOM,959.4,60,9.2,10,994
RAIL638,Asia,52.4,Alliance,1042.6,62,4.8,8,977
RAIL639,Canada,62.7,DBFOM,758.7,113,-3.4,6,764
RAIL640,USA,45.6,Alliance,1698.0,15,-4.9,16,804
RAIL641,South America,60.2,EPC,2467.8,47,3.2,21,879
RAIL642,Asia,25.3,DBFOM,2936.9,24,3.7,30,850
RAIL643,South America,65.2,Design-Bid-Build,518.7,47,1.7,9,860
RAIL644,South America,52.0,DBFOM,11873.9,12,1.2,113,988
RAIL645,Canada,32.6,Design-Bid-Build,826.7,39,-5.9,9,544
RAIL646,South America,53.7,DBFOM,5825.6,46,2.7,46,622
RAIL647,South America,71.0,Alliance,833.9,2,2.0,12,910
RAIL648,Asia,38.0,Design-Bid-Build,3903.8,127,0.5,29,924
RAIL649,Canada,78.9,EPC,1660.4,58,0.3,18,719
RAIL650,Australia,31.3,DBFOM,1351.7,13,-2.9,13,741
RAIL651,South America,79.9,PPP,2292.4,37,-7.8,25,709
RAIL652,USA,43.1,DBFOM,2290.6,11,-8.7,26,640
RAIL653,Canada,50.4,EPC,222.1,3,-2.8,2,819
RAIL654,Africa,62.8,Alliance,725.6,49,-6.6,6,747
RAIL655,South America,58.9,PPP,1423.6,22,4.2,11,913
RAIL656,Australia,11.9,EPC,381.8,75,-2.1,3,935
RAIL657,USA,63.0,Alliance,2316.2,36,4.5,28,1003
RAIL658,Asia,69.8,DBFOM,385.8,42,-7.0,6,524
RAIL659,Africa,38.8,PPP,52.1,84,-7.7,1,843
RAIL660,Asia,33.5,PPP,1282.5,60,3.1,10,677
RAIL661,South America,44.4,PPP,1866.0,24,0.7,13,901
RAIL662,South America,33.0,Design-Bid-Build,4532.4,38,3.8,50,898
RAIL663,Asia,29.7,Alliance,8561.3,38,7.0,76,901
RAIL664,Africa,61.8,PPP,271.9,60,0.1,3,1124
RAIL665,Australia,38.6,DBFOM,1046.5,63,-7.0,8,669
RAIL666,Asia,32.4,DBFOM,113.8,38,4.9,2,1075
RAIL667,USA,64.4,EPC,506.2,71,1.8,6,966
RAIL668,USA,47.6,DBFOM,2133.6,24,-2.1,23,782
RAIL669,Australia,27.2,Design-Bid-Build,1542.0,50,-3.3,10,821
RAIL670,Africa,78.8,PPP,403.7,45,3.2,1,547
RAIL671,Africa,36.1,PPP,188.3,15,-2.4,4,699
RAIL672,Africa,70.7,Alliance,3304.0,109,-1.0,32,670
RAIL673,Canada,26.5,PPP,1046.2,13,3.6,4,968
RAIL674,Africa,18.8,PPP,2900.5,8,-4.1,25,665
RAIL675,Africa,6.3,DBFOM,2095.6,14,0.0,17,874
RAIL676,USA,5.0,EPC,2321.7,11,-2.0,18,931
RAIL677,USA,18.5,EPC,4547.2,14,-6.3,53,525
RAIL678,Africa,18.2,EPC,233.9,22,-0.9,3,761
RAIL679,USA,37.9,PPP,18.4,70,3.6,2,791
RAIL680,USA,68.6,EPC,1680.2,38,3.1,12,961
RAIL681,Asia,31.9,Alliance,2079.4,67,7.0,20,660
RAIL682,South America,95.1,DBFOM,1172.1,48,-3.3,13,515
RAIL683,Asia,40.5,Alliance,3588.4,12,2.2,31,667
RAIL684,Africa,58.7,EPC,3880.4,43,3.7,33,907
RAIL685,South America,95.1,Alliance,2693.7,10,-1.9,23,946
RAIL686,Asia,52.0,PPP,2335.7,62,1.8,30,872
RAIL687,Asia,10.9,Design-Bid-Build,128.1,4,6.1,1,810
RAIL688,Asia,53.3,PPP,2606.8,12,-4.8,24,1015
RAIL689,Australia,49.9,EPC,3378.7,15,0.7,49,860
RAIL690,Canada,41.6,Alliance,294.5,70,-6.1,2,810
RAIL691,South America,20.7,Design-Bid-Build,344.4,37,4.8,2,876
RAIL692,Canada,45.8,PPP,684.1,32,-0.4,5,868
RAIL693,Africa,81.6,Design-Bid-Build,364.6,8,-13.6,3,1072
RAIL694,Australia,17.2,Alliance,105.8,5,0.7,2,823
RAIL695,Africa,30.6,PPP,2127.0,16,-1.0,31,918
RAIL696,South America,28.6,Alliance,1276.7,47,4.5,14,1045
RAIL697,Canada,28.2,PPP,804.9,72,-4.3,9,884
RAIL698,USA,72.5,DBFOM,1524.6,58,-2.5,13,680
RAIL699,Canada,50.3,Alliance,972.5,50,-0.5,11,715
RAIL700,Canada,40.3,Alliance,536.7,10,-14.0,6,546
RAIL701,South America,30.5,PPP,414.6,35,2.5,5,1019
RAIL702,Europe,48.6,EPC,6754.3,76,-0.7,63,842
RAIL703,Africa,57.5,DBFOM,208.3,13,1.1,1,682
RAIL704,Australia,25.7,PPP,4978.8,61,0.6,48,835
RAIL705,Africa,58.6,Alliance,278.9,14,2.3,1,599
RAIL706,USA,50.0,Alliance,23.4,48,-0.7,0,747
RAIL707,Australia,50.6,EPC,175.8,60,2.3,2,674
RAIL708,Australia,31.3,Design-Bid-Build,346.1,15,2.1,2,888
RAIL709,Australia,63.3,EPC,2515.1,36,1.9,32,847
RAIL710,Africa,67.2,Design-Bid-Build,2000.8,61,3.6,17,707
RAIL711,Africa,60.3,Design-Bid-Build,343.4,25,7.7,6,740
RAIL712,Asia,28.1,Design-Bid-Build,1258.5,75,-8.6,12,815
RAIL713,Europe,52.2,EPC,622.7,47,4.3,9,893
RAIL714,Australia,7.6,PPP,342.3,16,-0.5,6,888
RAIL715,Africa,70.5,DBFOM,353.5,9,-8.6,3,879
RAIL716,South America,68.5,EPC,560.8,24,2.3,4,764
RAIL717,Canada,61.1,EPC,169.0,76,-1.3,2,712
RAIL718,South America,26.2,DBFOM,272.8,61,-3.1,1,714
RAIL719,Canada,26.0,EPC,364.8,48,0.7,6,558
RAIL720,Asia,11.6,Design-Bid-Build,2311.6,48,-0.6,27,738
RAIL721,South America,27.2,Alliance,555.8,37,1.3,9,755
RAIL722,Europe,56.7,DBFOM,2663.6,84,-5.7,25,867
RAIL723,Europe,51.2,DBFOM,3849.1,36,2.2,37,944
RAIL724,USA,59.5,PPP,343.3,12,-3.8,2,930
RAIL725,Australia,36.1,DBFOM,1100.0,73,1.4,13,870
RAIL726,Australia,15.8,Design-Bid-Build,3406.8,43,2.0,33,712
RAIL727,South America,90.8,Alliance,881.1,13,3.9,2,778
RAIL728,Africa,57.6,EPC,2.0,24,-4.2,1,638
RAIL729,Australia,52.9,Design-Bid-Build,13.6,50,11.6,0,1005
RAIL730,Canada,8.4,EPC,1285.6,48,-7.8,14,820
RAIL731,Australia,65.4,DBFOM,975.5,4,-5.5,9,508
RAIL732,South America,37.3,EPC,2236.0,19,-4.6,16,799
RAIL733,South America,37.2,DBFOM,1669.0,21,-2.5,17,935
RAIL734,Africa,45.6,Design-Bid-Build,2349.5,72,-3.6,20,935
RAIL735,Europe,61.7,Alliance,1849.7,16,-0.1,21,573
RAIL736,Africa,56.5,Alliance,655.8,214,4.3,3,647
RAIL737,Europe,40.5,Alliance,3765.3,130,-5.1,27,653
RAIL738,Europe,27.0,PPP,3077.8,47,6.5,34,576
RAIL739,South America,21.9,Design-Bid-Build,548.8,7,3.1,6,676
RAIL740,South America,37.1,Design-Bid-Build,141.8,63,0.9,0,889
RAIL741,Australia,64.0,DBFOM,11.4,49,-2.8,0,673
RAIL742,USA,45.7,PPP,2752.4,53,-3.3,24,706
RAIL743,Asia,64.1,DBFOM,126.8,13,-8.1,2,792
RAIL744,Canada,57.0,PPP,6013.2,65,4.3,64,584
RAIL745,USA,5.0,EPC,342.8,60,5.5,4,842
RAIL746,Africa,39.1,DBFOM,0.7,36,3.5,1,587
RAIL747,South America,18.1,PPP,1144.5,4,-10.9,12,707
RAIL748,Canada,5.0,Design-Bid-Build,3713.2,50,-0.0,37,685
RAIL749,Australia,61.3,EPC,4044.5,29,-2.1,43,733
RAIL750,Asia,48.7,DBFOM,725.3,38,13.0,8,1141
RAIL751,Asia,26.6,PPP,2615.9,38,2.9,27,860
RAIL752,Australia,35.8,Alliance,1759.7,50,-7.0,15,1027
RAIL753,Canada,30.5,Alliance,374.2,38,-3.0,5,711
RAIL754,Canada,36.7,Alliance,2310.5,12,-2.2,19,507
RAIL755,Europe,65.2,DBFOM,1184.4,15,-6.8,14,1017
RAIL756,USA,33.5,EPC,771.0,38,1.6,4,954
RAIL757,Africa,47.7,EPC,0.1,12,1.0,1,942
RAIL758,Africa,73.5,DBFOM,12.9,42,-11.1,1,857
RAIL759,Canada,67.5,Design-Bid-Build,165.8,13,-2.2,2,936
RAIL760,Australia,69.2,Design-Bid-Build,385.0,61,-0.0,5,1124
RAIL761,Africa,46.4,Alliance,7271.0,61,6.9,74,629
RAIL762,Africa,54.4,DBFOM,261.0,76,-0.6,6,755
RAIL763,Australia,53.7,Design-Bid-Build,2043.2,40,0.3,23,826
RAIL764,Canada,37.1,Design-Bid-Build,976.2,73,3.8,9,487
RAIL765,Europe,65.1,Design-Bid-Build,56.0,50,1.4,0,839
RAIL766,Europe,84.0,DBFOM,25.2,15,0.4,0,752
RAIL767,Canada,58.8,Design-Bid-Build,155.9,84,6.9,1,658
RAIL768,Canada,56.7,DBFOM,54.9,25,2.9,0,657
RAIL769,Africa,54.6,DBFOM,2117.3,39,-9.4,15,807
RAIL770,USA,16.8,EPC,1261.9,10,0.1,15,780
RAIL771,USA,67.8,EPC,338.2,18,-0.3,4,787
RAIL772,Canada,40.2,Design-Bid-Build,255.4,21,-0.2,5,730
RAIL773,Australia,65.4,Design-Bid-Build,34.7,50,-2.4,1,797
RAIL774,South America,72.6,Alliance,2184.8,8,-2.7,20,848
RAIL775,USA,49.3,Alliance,825.6,40,-0.2,8,973
RAIL776,Australia,44.1,PPP,2315.4,50,2.2,25,1004
RAIL777,Asia,59.3,EPC,2306.2,37,2.1,23,653
RAIL778,South America,75.2,EPC,2309.7,37,-0.9,16,882
RAIL779,Africa,46.7,Design-Bid-Build,2813.1,26,-3.0,20,710
RAIL780,USA,45.5,PPP,31.3,84,6.2,0,717
RAIL781,South America,42.7,DBFOM,668.8,26,7.7,8,599
RAIL782,South America,69.4,Alliance,799.7,63,4.0,10,1176
RAIL783,South America,84.5,Alliance,7453.1,137,-3.1,75,969
RAIL784,South America,48.4,EPC,589.2,57,0.7,5,686
RAIL785,South America,70.4,DBFOM,1086.4,63,3.6,10,754
RAIL786,Europe,31.0,PPP,260.9,32,0.5,3,785
RAIL787,Europe,29.4,PPP,467.2,58,-1.7,6,979
RAIL788,Europe,26.7,Design-Bid-Build,895.0,47,-7.2,10,794
RAIL789,USA,27.3,DBFOM,1804.1,53,-5.1,17,854
RAIL790,Africa,15.5,Design-Bid-Build,3629.1,49,4.5,27,766
RAIL791,Europe,58.2,EPC,899.7,45,-5.2,7,916
RAIL792,Europe,69.6,EPC,161.9,120,5.2,0,717
RAIL793,Africa,53.3,EPC,45.4,58,4.3,0,625
RAIL794,Europe,48.0,DBFOM,1530.0,13,2.2,15,884
RAIL795,Canada,83.7,EPC,480.8,3,0.7,3,811
RAIL796,South America,40.5,PPP,424.5,63,3.1,7,822
RAIL797,Europe,29.7,EPC,239.4,37,-1.3,2,687
RAIL798,South America,40.7,EPC,67.7,59,3.0,0,743
RAIL799,Australia,94.6,EPC,1214.2,81,-1.0,15,828
RAIL800,Australia,61.6,PPP,477.0,72,9.4,5,924
RAIL801,Australia,29.4,PPP,874.1,40,-2.2,11,636
RAIL802,Asia,22.6,EPC,344.9,18,-2.3,4,888
RAIL803,Asia,65.1,EPC,742.2,20,0.9,5,629
RAIL804,Europe,19.9,DBFOM,4525.3,48,4.4,53,867
RAIL805,Africa,57.4,EPC,542.2,112,6.2,2,839
RAIL806,Europe,51.1,DBFOM,100.3,58,0.1,0,882
RAIL807,Asia,52.1,PPP,2157.0,36,-1.8,15,908
RAIL808,Australia,54.7,PPP,2970.9,24,0.6,32,930
RAIL809,USA,56.0,DBFOM,2611.0,15,0.6,32,717
RAIL810,South America,56.2,DBFOM,250.0,63,0.4,3,796
RAIL811,Australia,80.1,Design-Bid-Build,28.4,7,-1.8,1,750
RAIL812,Africa,60.9,DBFOM,2936.1,40,2.7,31,570
RAIL813,South America,46.9,Design-Bid-Build,349.1,50,-3.8,8,931
RAIL814,Africa,61.8,DBFOM,74.4,49,-7.0,0,708
RAIL815,Asia,58.0,Alliance,2377.2,85,0.6,24,852
RAIL816,Canada,54.7,Alliance,55.8,62,11.4,2,758
RAIL817,Canada,28.3,Design-Bid-Build,259.9,37,2.1,1,889
RAIL818,Africa,25.2,PPP,403.1,48,1.3,4,1004
RAIL819,Australia,58.7,DBFOM,118.8,12,-4.5,1,974
RAIL820,Africa,54.1,EPC,1235.0,46,-1.1,14,728
RAIL821,Canada,33.9,PPP,6313.2,2,-7.1,77,908
RAIL822,Canada,51.1,Design-Bid-Build,76.2,21,-3.3,1,757
RAIL823,Europe,55.1,EPC,1946.6,25,3.7,24,1008
RAIL824,South America,45.6,Design-Bid-Build,36.5,95,2.7,1,680
RAIL825,South America,48.4,Design-Bid-Build,248.1,50,-2.4,3,1060
RAIL826,South America,60.3,EPC,150.5,1,3.8,2,782
RAIL827,Canada,39.2,Design-Bid-Build,2936.1,47,-6.7,25,965
RAIL828,Europe,31.3,EPC,3839.8,10,3.7,30,1135
RAIL829,Asia,25.8,PPP,2078.7,85,-2.8,19,762
RAIL830,Canada,38.2,Alliance,3855.2,35,9.3,35,1178
RAIL831,South America,51.4,DBFOM,3485.8,50,-10.8,30,641
RAIL832,Europe,77.1,EPC,2494.1,75,-4.2,25,720
RAIL833,Canada,81.8,Alliance,2591.4,35,-6.8,27,614
RAIL834,Europe,51.4,Design-Bid-Build,341.4,16,-9.1,6,842
RAIL835,Australia,38.3,Alliance,625.8,120,-0.1,8,683
RAIL836,Africa,58.1,Alliance,5011.3,9,-1.9,54,804
RAIL837,Asia,43.8,Design-Bid-Build,5306.7,112,-4.8,53,932
RAIL838,USA,20.5,DBFOM,104.8,12,-1.6,1,729
RAIL839,Africa,50.4,Alliance,876.7,25,-2.4,12,537
RAIL840,USA,34.5,EPC,120.5,44,-3.1,1,919
RAIL841,Asia,19.0,Alliance,459.1,24,-2.8,8,866
RAIL842,Australia,58.4,Alliance,84.8,9,-5.6,0,822
RAIL843,Canada,36.2,DBFOM,343.6,17,2.5,1,829
RAIL844,Australia,56.7,Alliance,2064.9,22,-5.8,16,577
RAIL845,Africa,30.1,PPP,95.7,61,-9.1,2,795
RAIL846,USA,38.3,EPC,4614.8,49,3.8,48,870
RAIL847,Canada,48.3,Alliance,3615.5,21,-2.3,39,804
RAIL848,Europe,42.2,EPC,430.3,51,-0.7,4,647
RAIL849,South America,66.3,PPP,833.5,62,-5.1,2,867
RAIL850,Asia,55.7,Alliance,364.4,62,-5.7,2,578
RAIL851,Canada,41.5,Design-Bid-Build,356.2,6,-6.6,3,1110
RAIL852,Asia,45.0,DBFOM,3601.5,24,-7.3,33,411
RAIL853,USA,47.5,Design-Bid-Build,56.0,29,-5.7,0,705
RAIL854,USA,20.7,DBFOM,831.3,12,8.6,6,813
RAIL855,Canada,80.7,DBFOM,104.9,110,0.9,1,523
RAIL856,Canada,21.7,Design-Bid-Build,788.8,10,-0.8,2,655
RAIL857,Asia,49.1,DBFOM,215.0,82,0.2,2,635
RAIL858,Australia,47.1,DBFOM,266.3,48,8.0,4,937
RAIL859,South America,39.6,DBFOM,697.3,4,-0.9,8,734
RAIL860,USA,62.6,Design-Bid-Build,1.1,5,8.0,0,1009
RAIL861,Europe,85.5,PPP,2018.2,35,9.0,24,524
RAIL862,Africa,47.4,PPP,2182.0,14,5.2,16,815
RAIL863,South America,43.2,Alliance,5454.6,156,-1.4,55,963
RAIL864,Asia,26.5,PPP,834.5,50,4.6,5,908
RAIL865,Canada,55.4,Design-Bid-Build,28.7,12,-3.9,1,856
RAIL866,Australia,35.0,PPP,1524.1,74,2.4,15,678
RAIL867,Europe,18.4,EPC,276.0,35,-2.0,3,634
RAIL868,Europe,29.6,Design-Bid-Build,1544.3,38,-0.0,8,557
RAIL869,Europe,27.3,Design-Bid-Build,4287.9,55,-1.5,40,838
RAIL870,Australia,42.0,EPC,2500.9,3,5.1,29,1051
RAIL871,Australia,59.0,PPP,992.3,52,5.7,8,763
RAIL872,USA,21.4,EPC,954.4,8,2.2,14,737
RAIL873,South America,41.9,Alliance,4278.9,56,2.7,45,643
RAIL874,Australia,22.2,DBFOM,788.0,15,-5.5,9,881
RAIL875,Africa,50.6,Design-Bid-Build,6243.4,52,8.8,53,712
RAIL876,Australia,45.7,Design-Bid-Build,352.3,19,-11.4,1,630
RAIL877,Canada,48.6,DBFOM,2039.2,100,-0.7,25,809
RAIL878,Africa,23.2,Alliance,2039.4,32,-0.4,17,623
RAIL879,Australia,20.8,EPC,300.1,75,2.2,2,573
RAIL880,USA,80.0,DBFOM,395.8,25,-3.9,4,843
RAIL881,Asia,32.1,DBFOM,716.4,47,-3.7,13,635
RAIL882,Australia,72.7,Design-Bid-Build,18.5,76,4.3,2,642
RAIL883,Europe,30.6,DBFOM,810.5,50,-1.0,4,792
RAIL884,USA,31.5,PPP,154.0,50,3.1,0,813
RAIL885,South America,49.3,Alliance,1446.1,54,-1.5,5,896
RAIL886,Australia,53.4,PPP,552.7,45,1.6,7,903
RAIL887,Europe,44.8,Alliance,22.9,48,1.9,1,384
RAIL888,Australia,22.7,DBFOM,61.9,15,3.1,0,714
RAIL889,Asia,29.0,PPP,619.8,14,0.6,8,677
RAIL890,Europe,30.8,PPP,571.5,23,3.0,3,653
RAIL891,Asia,29.9,PPP,843.8,23,2.7,7,930
RAIL892,South America,76.8,DBFOM,1179.0,36,1.8,15,983
RAIL893,Canada,14.7,DBFOM,1573.9,16,-5.4,14,956
RAIL894,USA,42.5,DBFOM,1523.8,50,-6.1,15,721
RAIL895,Australia,78.3,EPC,1679.2,12,1.3,16,694
RAIL896,South America,19.9,DBFOM,2108.7,23,-0.6,28,956
RAIL897,USA,28.6,PPP,3096.8,47,4.6,33,1019
RAIL898,Australia,59.5,Design-Bid-Build,110.0,2,-6.8,1,940
RAIL899,South America,44.9,Design-Bid-Build,2320.6,62,-1.5,27,933
RAIL900,Australia,42.7,PPP,1648.0,112,4.0,11,1061
RAIL901,Australia,53.6,PPP,185.2,46,4.3,2,694
RAIL902,Africa,55.7,PPP,120.2,26,1.7,0,692
RAIL903,Africa,59.0,Design-Bid-Build,0.1,20,1.2,1,916
RAIL904,Africa,67.6,EPC,2568.6,36,-2.0,24,918
RAIL905,Europe,40.2,Alliance,265.1,111,2.4,1,793
RAIL906,USA,59.9,PPP,1751.3,74,5.5,12,991
RAIL907,Canada,61.4,Alliance,636.2,35,4.3,3,1143
RAIL908,South America,40.3,DBFOM,4288.7,22,-3.4,26,843
RAIL909,Australia,60.6,Alliance,1151.9,79,9.7,18,767
RAIL910,Australia,94.3,EPC,2236.8,11,-7.2,13,798
RAIL911,Europe,64.3,PPP,2346.4,35,-1.6,25,733
RAIL912,Australia,46.4,DBFOM,4992.4,13,-2.2,55,837
RAIL913,USA,66.9,DBFOM,4817.9,75,7.8,51,820
RAIL914,Europe,75.0,Alliance,744.7,59,-0.3,10,698
RAIL915,USA,61.7,DBFOM,200.1,155,-6.1,0,927
RAIL916,Canada,41.1,Design-Bid-Build,823.2,61,2.5,8,772
RAIL917,Asia,43.5,EPC,127.7,70,-8.6,0,491
RAIL918,Africa,56.1,Design-Bid-Build,1785.6,36,2.3,17,1003
RAIL919,Europe,76.7,EPC,150.4,58,3.9,1,762
RAIL920,Australia,95.8,EPC,311.4,12,2.3,6,1028
RAIL921,Australia,62.6,DBFOM,2440.8,47,1.1,14,885
RAIL922,Asia,63.4,PPP,90.3,50,5.2,1,867
RAIL923,Africa,60.8,PPP,1432.7,47,-3.8,9,908
RAIL924,Canada,53.1,DBFOM,2518.0,7,2.6,17,972
RAIL925,Asia,39.0,EPC,874.2,55,9.5,13,987
RAIL926,Africa,58.4,EPC,2639.1,27,4.1,29,714
RAIL927,South America,73.4,DBFOM,239.4,23,-2.3,0,472
RAIL928,Australia,83.7,DBFOM,2186.7,30,-3.3,23,511
RAIL929,Asia,62.4,Design-Bid-Build,1602.7,28,-7.3,11,941
RAIL930,Africa,65.4,DBFOM,3130.6,123,-0.5,31,825
RAIL931,USA,67.4,Alliance,0.1,4,-2.7,0,791
RAIL932,Africa,67.0,PPP,1977.0,9,3.2,29,717
RAIL933,USA,23.7,PPP,489.2,83,0.8,3,866
RAIL934,Australia,54.8,EPC,315.2,44,0.7,4,687
RAIL935,Australia,34.7,PPP,476.5,27,1.3,8,631
RAIL936,USA,58.6,Alliance,2214.7,45,6.5,17,940
RAIL937,Asia,51.6,EPC,17.3,19,-9.1,1,1034
RAIL938,Europe,31.2,Design-Bid-Build,125.0,19,1.3,2,649
RAIL939,Canada,27.9,Alliance,0.1,30,2.9,0,806
RAIL940,Australia,65.7,Design-Bid-Build,1682.0,111,5.9,17,870
RAIL941,Australia,52.6,DBFOM,517.9,25,1.0,6,923
RAIL942,USA,26.1,Design-Bid-Build,1126.3,47,2.7,8,1014
RAIL943,Australia,20.1,Design-Bid-Build,2022.1,75,-0.0,25,857
RAIL944,Asia,46.7,Design-Bid-Build,919.6,24,1.2,9,1063
RAIL945,Africa,48.1,DBFOM,230.5,79,-0.5,2,798
RAIL946,Africa,47.7,PPP,36.7,64,-4.0,0,869
RAIL947,Asia,98.7,Design-Bid-Build,2039.4,28,8.2,21,918
RAIL948,South America,77.8,EPC,1455.8,59,3.5,8,790
RAIL949,USA,78.0,PPP,1086.9,74,-3.6,11,762
RAIL950,Africa,29.4,PPP,6.8,23,1.6,0,881
RAIL951,South America,45.4,EPC,1611.4,52,3.6,18,733
RAIL952,Asia,64.3,PPP,11.4,5,4.0,1,514
RAIL953,Asia,45.0,PPP,1636.0,57,1.6,9,925
RAIL954,Canada,22.4,PPP,1301.4,81,-2.3,17,520
RAIL955,Asia,48.8,EPC,2485.0,24,1.5,27,951
RAIL956,South America,77.4,EPC,1493.8,50,-0.0,18,674
RAIL957,Canada,47.7,Design-Bid-Build,39.6,11,-4.3,0,1131
RAIL958,USA,57.8,Alliance,3820.5,23,-3.5,40,982
RAIL959,Australia,50.7,Design-Bid-Build,1503.7,30,1.7,16,689
RAIL960,Europe,75.3,Design-Bid-Build,18.5,10,-3.3,1,784
RAIL961,Europe,59.4,Alliance,3692.5,27,-6.6,31,759
RAIL962,South America,47.3,Alliance,2040.7,16,1.0,30,1205
RAIL963,USA,28.1,Alliance,474.2,0,6.0,6,913
RAIL964,USA,62.8,DBFOM,9.3,88,3.8,0,1106
RAIL965,USA,19.7,EPC,426.3,37,-0.8,4,695
RAIL966,Asia,53.3,PPP,2092.2,8,-0.4,24,616
RAIL967,USA,67.7,Alliance,887.9,24,-2.1,15,1010
RAIL968,Canada,57.1,DBFOM,5456.3,22,0.0,49,969
RAIL969,Australia,86.8,PPP,6886.6,63,0.9,60,1031
RAIL970,Europe,76.2,DBFOM,1610.6,8,4.7,15,480
RAIL971,Europe,15.3,Design-Bid-Build,9.9,17,5.6,1,750
RAIL972,Asia,59.3,Design-Bid-Build,1145.2,5,1.0,14,921
RAIL973,Canada,77.3,Alliance,878.5,51,-3.6,9,659
RAIL974,Australia,31.5,DBFOM,196.4,6,1.9,1,749
RAIL975,USA,57.4,EPC,377.7,86,-5.2,4,603
RAIL976,South America,78.2,DBFOM,1841.0,26,2.9,12,799
RAIL977,Australia,43.9,PPP,51.6,7,-0.6,2,628
RAIL978,Asia,54.2,Alliance,3389.5,24,-1.6,46,1006
RAIL979,Asia,46.3,EPC,488.6,49,3.0,10,973
RAIL980,Europe,73.1,DBFOM,305.7,25,-1.4,4,683
RAIL981,Australia,33.5,PPP,2328.0,101,-3.8,22,890
RAIL982,Africa,62.1,DBFOM,1717.0,59,-1.1,14,734
RAIL983,Asia,50.0,PPP,330.1,39,2.4,2,1006
RAIL984,Canada,41.1,DBFOM,97.2,12,5.8,1,897
RAIL985,Europe,52.9,DBFOM,282.2,4,5.6,4,777
RAIL986,Europe,29.8,EPC,2277.2,77,3.5,27,802
RAIL987,Asia,38.3,PPP,1279.2,37,3.9,16,542
RAIL988,Europe,69.9,DBFOM,3334.3,32,-7.8,32,746
RAIL989,South America,47.9,Design-Bid-Build,116.8,26,1.5,0,826
RAIL990,USA,61.0,EPC,582.3,61,0.2,9,960
RAIL991,South America,87.4,Alliance,190.8,64,3.4,2,825
RAIL992,Canada,35.8,PPP,112.5,36,7.0,2,526
RAIL993,South America,35.8,PPP,127.7,24,4.9,2,990
RAIL994,USA,12.3,PPP,2539.3,52,2.6,26,908
RAIL995,Australia,36.2,Design-Bid-Build,18.8,10,6.7,1,965
RAIL996,Asia,22.7,Design-Bid-Build,463.4,50,-0.9,1,803
RAIL997,Asia,56.5,Design-Bid-Build,2612.1,52,6.4,20,767
RAIL998,Africa,54.7,DBFOM,0.1,49,-6.9,0,877
RAIL999,Asia,13.8,Design-Bid-Build,543.5,110,-10.6,9,551
RAIL1000,Europe,25.8,PPP,160.6,25,-0.2,3,990
RAIL1001,USA,19.1,Design-Bid-Build,502.2,21,8.8,11,682
RAIL1002,Australia,57.2,DBFOM,3041.8,15,7.7,32,608
RAIL1003,USA,24.7,EPC,572.9,50,-10.6,11,661
RAIL1004,South America,28.3,DBFOM,2063.3,59,2.7,23,1083
RAIL1005,South America,42.0,DBFOM,1645.4,12,-6.0,13,904
RAIL1006,USA,27.1,EPC,2067.8,45,3.4,23,901
RAIL1007,Africa,60.0,Alliance,0.1,60,2.3,1,985
RAIL1008,South America,54.3,Alliance,209.3,6,5.1,1,1129
RAIL1009,Europe,23.8,EPC,1299.3,30,2.5,15,643
RAIL1010,Canada,81.4,Design-Bid-Build,2332.6,50,3.6,18,549
RAIL1011,Africa,54.9,EPC,163.1,61,1.6,0,993
RAIL1012,Europe,31.0,PPP,0.1,63,-0.5,1,794
RAIL1013,South America,75.7,Design-Bid-Build,8.5,24,0.9,0,717
RAIL1014,USA,56.3,DBFOM,715.1,67,-8.4,15,785
RAIL1015,Africa,21.7,Alliance,161.0,66,-1.5,0,657
RAIL1016,Canada,58.4,Alliance,1044.1,43,4.8,8,574
RAIL1017,Australia,80.8,PPP,612.8,23,-3.3,5,818
RAIL1018,USA,71.5,PPP,1330.8,4,-8.2,9,715
RAIL1019,Asia,12.2,Alliance,2778.6,138,10.4,23,780
RAIL1020,Africa,39.5,Design-Bid-Build,1139.5,45,-2.6,18,919
RAIL1021,South America,57.7,EPC,834.4,87,5.1,15,844
RAIL1022,Canada,13.6,PPP,1761.0,24,6.5,17,746
RAIL1023,Europe,22.2,Design-Bid-Build,295.3,12,3.4,4,690
RAIL1024,Africa,32.7,Alliance,453.9,37,7.9,7,854
RAIL1025,Australia,30.2,Design-Bid-Build,3109.9,31,5.9,41,484
RAIL1026,USA,64.5,DBFOM,373.5,9,-2.2,1,658
RAIL1027,Asia,54.0,Alliance,183.0,12,-8.2,1,779
RAIL1028,South America,77.3,DBFOM,1727.3,25,13.3,23,996
RAIL1029,South America,62.7,DBFOM,3137.0,42,-3.8,31,538
RAIL1030,South America,68.2,EPC,4230.4,42,-6.7,43,791
RAIL1031,Asia,55.8,EPC,2435.1,15,-3.9,23,825
RAIL1032,USA,53.3,Alliance,259.4,3,0.6,4,879
RAIL1033,South America,61.2,Design-Bid-Build,1118.7,58,1.0,11,433
RAIL1034,South America,62.8,DBFOM,453.6,88,-0.6,3,1071
RAIL1035,South America,74.2,PPP,3940.1,12,-9.3,36,668
RAIL1036,Australia,68.8,Design-Bid-Build,217.6,8,-0.1,1,822
RAIL1037,Canada,23.1,DBFOM,1164.5,63,-4.0,14,818
RAIL1038,Africa,78.8,PPP,1906.8,37,-4.9,25,856
RAIL1039,Europe,17.9,PPP,3535.6,13,1.5,32,632
RAIL1040,Europe,38.1,EPC,90.0,20,1.2,1,917
RAIL1041,Europe,65.8,Alliance,6701.0,31,7.0,61,535
RAIL1042,Australia,65.4,PPP,182.1,35,-3.0,1,856
RAIL1043,Canada,75.3,Design-Bid-Build,1126.9,12,-1.3,15,1013
RAIL1044,Africa,50.3,EPC,156.8,49,-8.4,6,723
RAIL1045,USA,5.0,EPC,715.6,63,-5.4,9,880
RAIL1046,Australia,69.2,Design-Bid-Build,106.1,27,5.9,3,868
RAIL1047,USA,44.3,Alliance,84.1,21,-2.7,1,812
RAIL1048,South America,55.7,DBFOM,857.5,19,-2.3,6,1011
RAIL1049,Canada,52.8,Design-Bid-Build,1028.0,14,5.9,8,706
RAIL1050,South America,52.0,Design-Bid-Build,486.0,25,11.8,5,764
RAIL1051,Africa,37.6,DBFOM,104.2,83,-2.2,0,597
RAIL1052,Canada,72.7,Alliance,8679.3,51,3.1,69,647
RAIL1053,Asia,69.8,DBFOM,270.0,8,2.9,2,859
RAIL1054,Canada,24.9,Alliance,1310.3,37,-7.6,15,812
RAIL1055,South America,39.3,Alliance,5197.0,60,4.1,52,572
RAIL1056,Europe,67.3,DBFOM,1994.3,24,-3.2,17,918
RAIL1057,USA,33.8,PPP,3096.0,47,-4.5,31,725
RAIL1058,Canada,20.6,PPP,2567.3,36,0.8,26,645
RAIL1059,Africa,33.6,PPP,3362.8,15,-8.8,26,702
RAIL1060,Canada,57.1,DBFOM,101.9,48,6.7,2,1091
RAIL1061,USA,74.8,PPP,370.8,48,2.5,2,777
RAIL1062,Canada,51.0,DBFOM,3.6,14,1.7,1,770
RAIL1063,Europe,28.6,PPP,2766.6,48,0.8,31,963
RAIL1064,Asia,35.0,Design-Bid-Build,1191.7,37,-0.8,13,775
RAIL1065,Europe,54.2,PPP,2954.2,112,-6.4,27,918
RAIL1066,Africa,5.0,PPP,1302.7,5,0.0,10,1146
RAIL1067,Europe,75.5,PPP,22.2,12,-1.2,3,733
RAIL1068,Canada,59.9,Alliance,788.0,24,-6.3,14,780
RAIL1069,Asia,67.6,DBFOM,852.7,32,-0.3,4,697
RAIL1070,Europe,15.7,Alliance,1786.0,23,-1.3,21,726
RAIL1071,Europe,42.3,Design-Bid-Build,2782.5,25,-2.9,28,634
RAIL1072,South America,33.1,DBFOM,2380.2,24,-5.3,25,1135
RAIL1073,Asia,36.7,Alliance,4566.8,24,-0.8,45,735
RAIL1074,Europe,75.2,EPC,118.7,30,0.4,0,869
RAIL1075,South America,77.5,Design-Bid-Build,318.7,48,-1.6,5,505
RAIL1076,Africa,59.0,Design-Bid-Build,679.6,19,-4.0,4,722
RAIL1077,USA,113.0,Alliance,3536.4,23,4.7,41,858
RAIL1078,Africa,60.9,Design-Bid-Build,99.6,14,-3.8,1,914
RAIL1079,USA,33.9,Design-Bid-Build,1269.0,13,-1.5,8,962
RAIL1080,South America,71.6,Design-Bid-Build,463.2,75,4.0,4,712
RAIL1081,Australia,69.3,DBFOM,1909.1,37,1.1,22,667
RAIL1082,Africa,58.3,PPP,1605.8,27,6.3,14,787
RAIL1083,Europe,57.5,Design-Bid-Build,2040.4,5,-0.8,14,1046
RAIL1084,South America,36.8,Alliance,181.5,28,-6.8,2,868
RAIL1085,Canada,31.2,Design-Bid-Build,2782.7,25,-5.0,26,840
RAIL1086,Australia,61.6,Design-Bid-Build,1577.9,2,-3.5,22,670
RAIL1087,South America,33.3,Design-Bid-Build,492.8,27,-3.7,6,1000
RAIL1088,Europe,48.8,Alliance,1377.1,35,-1.7,18,848
RAIL1089,Europe,55.3,DBFOM,41.3,50,-8.1,0,944
RAIL1090,Europe,66.8,Alliance,931.1,12,4.1,5,831
RAIL1091,Africa,53.0,Alliance,594.0,40,8.3,5,837
RAIL1092,Asia,96.8,Alliance,1438.1,7,-6.6,18,839
RAIL1093,South America,25.2,DBFOM,2159.2,16,2.2,11,516
RAIL1094,Asia,39.3,DBFOM,3883.1,105,-2.0,47,805
RAIL1095,USA,33.1,Design-Bid-Build,295.9,33,-4.6,2,743
RAIL1096,Africa,63.5,EPC,1484.2,73,-4.4,16,624
RAIL1097,Asia,69.8,Alliance,2820.3,111,-2.5,26,968
RAIL1098,Australia,38.1,EPC,153.3,75,1.1,0,541
RAIL1099,South America,76.4,PPP,3335.5,16,1.9,33,511
RAIL1100,Africa,63.6,Alliance,9127.2,6,-2.0,66,793
RAIL1101,South America,42.0,Design-Bid-Build,2230.2,95,-5.2,23,599
RAIL1102,Australia,82.8,Design-Bid-Build,818.5,69,0.4,6,722
RAIL1103,Asia,5.0,PPP,591.1,15,-5.1,7,797
RAIL1104,Asia,73.0,Design-Bid-Build,2836.7,57,2.7,28,571
RAIL1105,Europe,39.9,Design-Bid-Build,5240.5,21,-3.5,64,779
RAIL1106,Africa,61.6,PPP,743.3,60,-3.1,11,834
RAIL1107,Asia,60.5,Design-Bid-Build,2279.9,49,5.6,22,761
RAIL1108,Africa,57.5,PPP,952.0,19,-4.2,9,811
RAIL1109,Asia,48.3,EPC,936.7,71,-3.9,3,851
RAIL1110,Asia,47.0,Design-Bid-Build,143.5,36,6.6,1,901
RAIL1111,Asia,62.8,PPP,2520.0,21,9.4,32,559
RAIL1112,Africa,64.1,Design-Bid-Build,3275.9,62,-3.9,31,958
RAIL1113,Asia,30.2,Design-Bid-Build,774.8,17,1.1,3,659
RAIL1114,South America,35.1,DBFOM,4008.4,140,-0.0,37,680
RAIL1115,Asia,66.8,PPP,2964.3,250,2.5,39,735
RAIL1116,Asia,64.1,DBFOM,506.4,15,-12.0,3,976
RAIL1117,Australia,31.0,Design-Bid-Build,202.9,33,-2.4,2,593
RAIL1118,Asia,92.7,Design-Bid-Build,1507.3,55,2.0,7,902
RAIL1119,USA,28.2,Design-Bid-Build,2770.6,7,-2.0,33,968
RAIL1120,Canada,34.0,PPP,1258.9,39,1.9,11,763
RAIL1121,Africa,44.3,Design-Bid-Build,1847.3,19,0.4,21,878
RAIL1122,Australia,50.3,Alliance,728.9,9,-1.5,6,970
RAIL1123,Canada,52.2,EPC,1832.5,20,-1.4,23,894
RAIL1124,South America,47.7,EPC,203.1,59,2.8,2,992
RAIL1125,USA,27.7,Design-Bid-Build,1865.0,62,6.8,20,910
RAIL1126,Africa,72.6,PPP,3359.3,24,3.1,43,859
RAIL1127,Europe,55.4,Alliance,1738.3,72,3.1,21,834
RAIL1128,Africa,21.3,DBFOM,884.7,23,8.8,10,877
RAIL1129,Europe,13.5,Design-Bid-Build,43.9,12,0.0,1,817
RAIL1130,Africa,59.3,Design-Bid-Build,1172.2,24,-8.1,6,791
RAIL1131,Africa,62.7,Design-Bid-Build,275.6,20,-3.7,1,842
RAIL1132,South America,64.3,PPP,3542.4,41,-5.7,29,686
RAIL1133,Australia,47.2,DBFOM,2395.2,48,-2.1,17,836
RAIL1134,South America,9.2,DBFOM,1026.7,14,-4.6,10,670
RAIL1135,South America,51.0,Design-Bid-Build,3391.6,5,6.1,35,673
RAIL1136,USA,40.6,Alliance,431.5,37,8.0,6,985
RAIL1137,Canada,59.4,Design-Bid-Build,634.7,32,-5.1,9,1003
RAIL1138,Africa,45.8,Alliance,170.7,10,-8.1,2,741
RAIL1139,Asia,37.5,DBFOM,378.6,25,-0.9,5,680
RAIL1140,Europe,23.7,Alliance,716.9,62,4.2,7,747
RAIL1141,Canada,35.1,EPC,3671.4,101,-6.5,37,910
RAIL1142,South America,51.1,EPC,3952.0,27,0.9,32,1050
RAIL1143,Asia,64.4,Alliance,473.3,48,3.1,5,1034
RAIL1144,Canada,26.4,PPP,3220.0,49,6.8,33,1172
RAIL1145,Australia,51.9,Design-Bid-Build,2633.3,20,-0.6,36,713
RAIL1146,Asia,56.8,EPC,2295.1,37,7.8,18,912
RAIL1147,Australia,68.3,EPC,2424.0,60,6.4,19,632
RAIL1148,Canada,35.0,Alliance,268.1,49,-8.2,2,877
RAIL1149,Asia,41.0,DBFOM,491.3,47,-6.7,4,667
RAIL1150,Asia,70.2,PPP,415.3,2,-3.0,5,771
RAIL1151,USA,45.9,Design-Bid-Build,7740.8,3,1.0,76,751
RAIL1152,Africa,43.2,EPC,3484.6,23,-1.4,29,352
RAIL1153,Canada,66.2,PPP,1360.2,58,-6.5,19,783
RAIL1154,Africa,81.5,PPP,2605.0,40,4.9,21,627
RAIL1155,Europe,38.3,PPP,438.7,92,-9.6,6,815
RAIL1156,Europe,47.0,Design-Bid-Build,1817.0,54,0.2,23,863
RAIL1157,Canada,63.0,Alliance,200.7,14,1.3,1,586
RAIL1158,Australia,81.8,Design-Bid-Build,5839.0,96,4.3,46,829
RAIL1159,Africa,71.3,DBFOM,1080.1,60,6.7,8,898
RAIL1160,Australia,15.0,EPC,14.2,48,-1.5,0,769
RAIL1161,USA,28.3,Design-Bid-Build,1674.1,27,0.8,15,779
RAIL1162,USA,47.1,DBFOM,3380.9,53,1.9,26,618
RAIL1163,South America,95.4,PPP,1076.1,47,-4.9,7,721
RAIL1164,Africa,64.2,Alliance,2342.9,69,-5.5,25,701
RAIL1165,Europe,17.0,Alliance,663.6,13,11.5,4,650
RAIL1166,Asia,89.0,Alliance,237.4,59,-6.0,2,873
RAIL1167,Canada,34.2,DBFOM,1753.7,44,-1.0,18,572
RAIL1168,Europe,39.7,Design-Bid-Build,610.8,109,-9.8,4,1010
RAIL1169,Australia,95.0,EPC,1068.1,49,-11.6,10,748
RAIL1170,Australia,29.1,Alliance,2962.9,12,0.1,33,985
RAIL1171,Australia,66.6,EPC,74.0,59,-3.8,1,905
RAIL1172,Africa,69.1,PPP,91.2,30,4.6,0,841
RAIL1173,Asia,67.4,Design-Bid-Build,591.4,46,1.6,4,746
RAIL1174,Asia,38.7,EPC,806.0,25,3.0,12,866
RAIL1175,Australia,76.1,PPP,189.7,36,-9.1,4,935
RAIL1176,South America,44.6,EPC,422.8,64,3.8,7,856
RAIL1177,Africa,64.8,Alliance,457.0,64,1.9,2,714
RAIL1178,USA,83.3,DBFOM,48.4,111,-1.2,2,1028
RAIL1179,Africa,68.1,Design-Bid-Build,2048.6,27,-2.1,17,689
RAIL1180,USA,71.5,EPC,211.0,51,-3.1,4,756
RAIL1181,USA,36.7,Design-Bid-Build,2006.8,36,-10.3,20,669
RAIL1182,USA,28.5,Design-Bid-Build,1398.5,56,1.8,9,1115
RAIL1183,USA,57.6,EPC,174.2,10,1.4,3,957
RAIL1184,Asia,51.5,DBFOM,389.1,51,-0.9,9,683
RAIL1185,Canada,79.4,Design-Bid-Build,197.0,70,3.4,1,640
RAIL1186,Asia,5.0,PPP,1882.5,73,-0.9,23,706
RAIL1187,Asia,37.4,Design-Bid-Build,1230.4,7,-1.3,16,484
RAIL1188,South America,19.9,PPP,2331.1,55,-8.9,28,705
RAIL1189,Africa,48.2,PPP,3325.2,4,9.9,35,581
RAIL1190,Africa,60.8,Alliance,2229.7,24,4.9,19,743
RAIL1191,Europe,38.6,EPC,3774.4,70,-3.2,31,736
RAIL1192,South America,34.1,EPC,867.3,38,-4.0,12,665
RAIL1193,Australia,23.7,DBFOM,2561.1,23,3.9,27,600
RAIL1194,Australia,30.4,EPC,2650.4,50,-4.4,24,634
RAIL1195,South America,96.4,EPC,2167.4,59,-3.4,19,895
RAIL1196,Canada,38.9,DBFOM,32.2,34,3.8,0,794
RAIL1197,South America,71.1,EPC,1307.3,121,1.8,8,1065
RAIL1198,USA,51.9,PPP,3150.1,22,2.5,24,742
RAIL1199,Australia,72.3,Alliance,582.8,23,-5.1,5,731
RAIL1200,USA,53.3,EPC,4756.4,26,-5.9,57,716
RAIL1201,Europe,47.2,Alliance,453.1,84,10.5,2,891
RAIL1202,Europe,45.8,DBFOM,1601.2,12,-1.7,17,588
RAIL1203,Europe,24.8,DBFOM,789.1,53,5.4,8,839
RAIL1204,Africa,52.2,EPC,2306.8,7,-11.0,20,608
RAIL1205,Africa,55.3,PPP,3433.5,21,3.5,26,895
RAIL1206,Canada,61.5,PPP,348.1,71,0.9,5,962
RAIL1207,USA,66.6,PPP,211.9,96,-3.7,3,807
RAIL1208,South America,45.5,Design-Bid-Build,679.4,17,-0.3,10,704
RAIL1209,Europe,53.8,DBFOM,3330.9,25,-12.5,32,936
RAIL1210,USA,63.2,DBFOM,262.9,12,0.8,0,1022
RAIL1211,Asia,61.1,Design-Bid-Build,4855.2,16,-2.5,41,828
RAIL1212,South America,48.5,Alliance,522.6,49,-2.3,9,767
RAIL1213,Australia,24.7,EPC,569.5,6,4.0,6,926
RAIL1214,USA,32.4,Alliance,856.3,63,1.7,10,812
RAIL1215,South America,24.1,PPP,190.8,60,-1.9,2,822
RAIL1216,Australia,77.4,EPC,5220.9,82,5.1,52,814
RAIL1217,Asia,47.5,Design-Bid-Build,1328.1,35,-3.3,10,903
RAIL1218,Australia,47.1,DBFOM,731.9,24,7.4,10,1036
RAIL1219,Asia,50.5,Design-Bid-Build,1165.8,38,7.1,13,778
RAIL1220,Asia,67.9,EPC,297.3,15,-1.8,3,1001
RAIL1221,Europe,39.6,Alliance,482.9,48,2.4,2,890
RAIL1222,USA,37.6,PPP,6.4,51,-10.3,0,747
RAIL1223,Canada,56.8,EPC,763.9,15,-2.1,5,831
RAIL1224,South America,99.7,DBFOM,33.6,60,-13.7,0,958
RAIL1225,Australia,58.4,Alliance,412.7,38,2.2,0,656
RAIL1226,USA,20.0,DBFOM,1379.9,31,3.8,18,709
RAIL1227,Australia,71.0,PPP,1754.5,13,11.9,14,895
RAIL1228,Australia,62.2,EPC,52.5,17,-1.4,1,551
RAIL1229,Africa,23.9,DBFOM,3455.8,32,2.4,26,679
RAIL1230,USA,50.7,DBFOM,351.4,26,-3.9,4,286
RAIL1231,Australia,41.5,EPC,60.9,43,6.9,1,792
RAIL1232,USA,41.4,Design-Bid-Build,116.4,33,-2.1,1,887
RAIL1233,Africa,51.4,DBFOM,1559.8,15,-2.2,19,869
RAIL1234,Europe,65.6,PPP,242.3,72,11.2,2,715
RAIL1235,USA,14.4,PPP,100.8,37,-1.5,0,774
RAIL1236,USA,28.7,Design-Bid-Build,220.4,84,2.9,2,608
RAIL1237,South America,43.2,Alliance,1968.7,35,-2.3,21,857
RAIL1238,South America,34.7,EPC,1176.9,9,1.4,15,793
RAIL1239,Europe,48.6,Alliance,356.1,51,-4.3,4,529
RAIL1240,South America,87.9,Design-Bid-Build,121.9,59,-7.1,1,798
RAIL1241,Canada,56.0,PPP,421.7,45,3.8,2,754
RAIL1242,Africa,64.4,Alliance,710.7,44,9.6,5,1134
RAIL1243,South America,45.8,EPC,1717.9,16,10.0,23,917
RAIL1244,South America,32.5,EPC,375.7,31,3.6,2,693
RAIL1245,Asia,29.4,Design-Bid-Build,396.1,10,-5.4,8,921
RAIL1246,Africa,46.9,EPC,212.7,38,-6.8,1,787
RAIL1247,Europe,49.2,PPP,1508.7,51,-13.8,13,767
RAIL1248,Australia,56.6,Alliance,3072.2,7,6.8,37,726
RAIL1249,Asia,67.6,Design-Bid-Build,56.1,24,-15.5,1,698
RAIL1250,Africa,58.9,PPP,153.5,99,3.2,1,778
RAIL1251,Australia,86.9,DBFOM,68.8,36,-1.6,0,838
RAIL1252,Canada,48.6,Design-Bid-Build,137.9,93,-11.5,0,760
RAIL1253,South America,73.0,Design-Bid-Build,5.5,52,5.5,2,633
RAIL1254,USA,96.5,Alliance,2268.7,77,3.7,28,777
RAIL1255,Africa,37.0,Alliance,1746.1,73,-3.4,16,813
RAIL1256,South America,54.7,DBFOM,585.0,13,2.5,8,953
RAIL1257,USA,98.4,DBFOM,1695.5,97,-3.1,15,848
RAIL1258,Asia,61.2,Alliance,499.2,26,-2.1,4,1097
RAIL1259,Canada,40.3,Alliance,69.8,122,-8.4,1,747
RAIL1260,Africa,50.2,Design-Bid-Build,980.3,62,-0.9,7,875
RAIL1261,Canada,35.0,Alliance,1362.8,12,-2.9,16,806
RAIL1262,Asia,52.9,EPC,309.2,59,-8.6,6,736
RAIL1263,Canada,53.2,Design-Bid-Build,182.6,124,10.7,2,756
RAIL1264,USA,43.1,Design-Bid-Build,476.8,15,-0.5,4,887
RAIL1265,Canada,41.8,Design-Bid-Build,2220.9,36,2.9,16,735
RAIL1266,Canada,85.5,PPP,1592.8,29,1.9,15,646
RAIL1267,South America,66.3,DBFOM,4128.1,12,-0.9,41,923
RAIL1268,Australia,10.4,PPP,836.6,0,0.7,7,827
RAIL1269,Europe,85.1,PPP,185.2,23,-4.8,2,659
RAIL1270,Africa,56.7,PPP,543.8,58,6.3,6,851
RAIL1271,Asia,55.2,EPC,590.3,20,6.2,4,982
RAIL1272,Africa,85.8,DBFOM,313.5,40,4.3,3,648
RAIL1273,USA,18.3,Alliance,1572.0,50,-1.6,17,753
RAIL1274,Australia,93.2,EPC,363.8,51,-7.1,1,889
RAIL1275,Australia,98.3,DBFOM,34.9,55,-1.1,0,936
RAIL1276,Canada,40.1,PPP,6883.4,24,-4.7,74,656
RAIL1277,Europe,29.4,Design-Bid-Build,4897.5,20,6.8,55,958
RAIL1278,Canada,19.3,PPP,523.1,24,-0.4,3,807
RAIL1279,South America,60.2,Design-Bid-Build,7.0,20,-0.6,1,666
RAIL1280,Europe,64.9,DBFOM,2885.6,7,-3.6,21,573
RAIL1281,Australia,47.5,EPC,1395.3,32,0.3,8,784
RAIL1282,Europe,41.0,Design-Bid-Build,910.7,12,-4.1,8,761
RAIL1283,Australia,59.1,Alliance,3723.6,3,-8.9,48,935
RAIL1284,USA,42.2,Alliance,255.9,64,-2.1,3,862
RAIL1285,USA,34.7,DBFOM,2837.5,26,0.1,36,831
RAIL1286,Canada,32.4,DBFOM,2121.7,47,-8.1,25,879
RAIL1287,Europe,33.8,PPP,447.2,32,1.6,3,504
RAIL1288,USA,25.9,EPC,373.9,9,-0.3,3,725
RAIL1289,USA,63.9,PPP,45.7,30,-4.0,1,839
RAIL1290,South America,75.5,EPC,836.5,1,5.7,12,799
RAIL1291,South America,47.5,EPC,4112.0,28,-3.6,41,709
RAIL1292,Asia,39.0,EPC,5495.6,20,-4.6,53,908
RAIL1293,Europe,75.1,EPC,329.8,12,-0.1,5,753
RAIL1294,Australia,66.8,PPP,435.0,15,10.1,4,769
RAIL1295,Asia,62.5,DBFOM,3471.9,8,-9.6,37,1081
RAIL1296,Europe,59.9,Alliance,2416.3,49,-0.3,22,1090
RAIL1297,Canada,34.3,EPC,900.9,49,7.2,9,577
RAIL1298,USA,57.6,EPC,209.3,111,-1.9,1,1028
RAIL1299,South America,64.7,Alliance,1536.6,48,-1.7,12,524
RAIL1300,Canada,5.0,DBFOM,1365.3,32,-7.9,13,561
RAIL1301,USA,18.7,Alliance,327.5,48,1.2,1,586
RAIL1302,Africa,65.3,EPC,195.8,76,-1.6,3,643
RAIL1303,USA,57.2,PPP,1914.6,16,-8.0,17,660
RAIL1304,South America,42.0,Alliance,2190.0,48,-3.6,20,790
RAIL1305,Asia,44.6,Design-Bid-Build,1935.8,12,5.1,21,757
RAIL1306,Asia,49.3,DBFOM,98.7,10,4.5,1,591
RAIL1307,South America,70.5,DBFOM,127.8,81,4.0,3,955
RAIL1308,Africa,70.6,PPP,1220.1,71,-6.4,11,746
RAIL1309,USA,29.2,EPC,2524.3,22,5.4,24,817
RAIL1310,USA,61.2,EPC,749.8,36,-11.9,3,622
RAIL1311,South America,34.2,Alliance,1456.4,35,-1.3,9,769
RAIL1312,South America,55.6,Alliance,2755.0,31,-7.2,41,761
RAIL1313,USA,52.4,Alliance,4261.0,7,0.3,41,1112
RAIL1314,South America,50.7,Design-Bid-Build,167.8,59,-8.0,3,978
RAIL1315,South America,28.5,PPP,1749.2,60,-5.1,17,834
RAIL1316,Canada,79.5,PPP,748.3,47,-7.5,6,944
RAIL1317,Australia,25.6,EPC,251.4,14,-10.7,1,905
RAIL1318,Europe,63.7,DBFOM,2303.1,26,4.0,19,623
RAIL1319,Europe,48.6,PPP,2455.3,11,6.4,39,1038
RAIL1320,Africa,24.1,PPP,80.5,58,-4.6,2,1128
RAIL1321,Africa,40.2,Design-Bid-Build,535.3,2,-3.3,7,956
RAIL1322,South America,46.5,Alliance,6731.5,82,-3.0,69,737
RAIL1323,Africa,40.8,EPC,3982.8,47,1.1,51,785
RAIL1324,Australia,48.9,DBFOM,1.8,23,9.2,0,741
RAIL1325,Africa,53.4,PPP,5605.5,12,-4.6,61,812
RAIL1326,USA,70.7,DBFOM,250.8,3,-7.1,3,1012
RAIL1327,Europe,77.7,PPP,216.1,59,-8.9,0,740
RAIL1328,South America,63.3,EPC,0.1,31,4.8,0,513
RAIL1329,Asia,5.0,PPP,140.4,37,0.5,1,948
RAIL1330,Africa,82.8,Design-Bid-Build,49.0,33,3.9,0,903
RAIL1331,South America,69.9,DBFOM,117.8,49,6.5,1,740
RAIL1332,Asia,38.7,EPC,2319.7,50,3.9,13,700
RAIL1333,Africa,5.9,PPP,1583.1,19,-9.0,9,1065
RAIL1334,USA,35.0,Design-Bid-Build,637.2,40,6.7,4,917
RAIL1335,Australia,5.0,Design-Bid-Build,380.7,9,8.6,5,938
RAIL1336,South America,59.1,Design-Bid-Build,667.9,34,3.4,7,707
RAIL1337,Canada,34.9,Alliance,1584.5,1,3.8,15,930
RAIL1338,Africa,11.0,Alliance,268.2,63,3.7,2,856
RAIL1339,USA,40.0,Alliance,2129.0,5,-7.0,17,856
RAIL1340,Africa,73.5,DBFOM,399.9,86,-2.7,3,909
RAIL1341,Africa,50.6,Design-Bid-Build,647.8,47,-0.6,9,987
RAIL1342,South America,95.3,EPC,309.8,28,-8.5,3,758
RAIL1343,Australia,63.1,PPP,6973.8,62,3.4,60,1050
RAIL1344,Africa,64.6,PPP,227.4,51,-2.0,3,669
RAIL1345,South America,56.4,PPP,243.6,108,-2.8,5,653
RAIL1346,Australia,59.3,Design-Bid-Build,2082.1,63,-4.0,34,943
RAIL1347,Canada,47.6,Alliance,88.2,56,0.4,2,702
RAIL1348,Africa,48.8,DBFOM,736.8,52,6.0,10,1079
RAIL1349,Australia,47.2,DBFOM,3032.0,42,3.7,29,540
RAIL1350,Africa,48.5,Alliance,74.1,25,2.2,2,960
RAIL1351,Europe,43.1,DBFOM,5272.2,49,2.6,43,922
RAIL1352,South America,78.3,Alliance,1826.3,3,-1.1,27,710
RAIL1353,Africa,5.0,Design-Bid-Build,1146.7,73,-8.8,8,839
RAIL1354,Canada,42.3,PPP,2113.6,5,-6.1,10,893
RAIL1355,Europe,5.0,Design-Bid-Build,9577.7,20,-4.1,87,873
RAIL1356,Africa,69.6,Design-Bid-Build,11405.2,54,3.1,130,931
RAIL1357,Canada,81.7,Design-Bid-Build,1703.8,65,-2.2,16,875
RAIL1358,Europe,55.7,Alliance,1638.8,9,2.7,18,764
RAIL1359,Australia,76.9,Design-Bid-Build,830.2,64,6.5,8,715
RAIL1360,Africa,61.7,DBFOM,1603.9,7,-5.0,16,887
RAIL1361,Africa,5.0,Design-Bid-Build,507.8,14,-4.0,8,908
RAIL1362,Asia,37.9,Alliance,979.0,93,-0.9,14,477
RAIL1363,Canada,42.5,Alliance,361.4,35,-5.2,3,596
RAIL1364,Europe,48.4,EPC,14.3,26,7.6,0,1009
RAIL1365,USA,30.3,Design-Bid-Build,1351.9,36,4.7,11,642
RAIL1366,South America,56.3,EPC,572.2,60,4.4,7,301
RAIL1367,Canada,11.7,Design-Bid-Build,93.3,19,-2.9,1,857
RAIL1368,Australia,30.7,Design-Bid-Build,2296.5,74,-5.9,14,522
RAIL1369,USA,31.0,Design-Bid-Build,304.8,57,4.3,5,756
RAIL1370,South America,9.8,Design-Bid-Build,131.1,37,6.5,1,809
RAIL1371,Australia,45.0,Alliance,887.0,79,1.9,5,885
RAIL1372,USA,55.7,DBFOM,1083.0,54,5.8,5,830
RAIL1373,Europe,47.7,Alliance,192.0,13,0.4,1,860
RAIL1374,Australia,55.9,EPC,1115.1,15,6.0,8,575
RAIL1375,Canada,56.3,PPP,785.4,35,2.2,9,773
RAIL1376,Canada,51.9,Design-Bid-Build,2064.2,12,4.4,31,837
RAIL1377,Australia,67.5,Alliance,247.6,20,-2.3,2,1043
RAIL1378,Australia,43.2,DBFOM,59.4,13,2.0,0,935
RAIL1379,Australia,67.7,Design-Bid-Build,747.4,12,-1.2,7,834
RAIL1380,Australia,36.7,DBFOM,577.7,73,3.7,7,817
RAIL1381,USA,36.8,Design-Bid-Build,954.6,74,3.5,9,649
RAIL1382,Asia,35.8,EPC,2.6,15,-4.6,0,802
RAIL1383,Australia,12.2,EPC,648.1,23,0.7,6,701
RAIL1384,Canada,5.0,EPC,96.4,83,1.3,2,646
RAIL1385,Australia,38.3,PPP,1793.9,24,-1.8,19,811
RAIL1386,USA,40.0,EPC,462.4,70,1.7,3,655
RAIL1387,USA,39.3,Design-Bid-Build,65.1,41,4.9,1,920
RAIL1388,Asia,46.8,EPC,186.0,50,-1.5,4,694
RAIL1389,USA,12.0,PPP,156.5,47,-0.6,2,939
RAIL1390,Europe,61.0,DBFOM,3905.7,7,-6.5,35,739
RAIL1391,South America,39.2,EPC,214.0,13,1.7,1,354
RAIL1392,Canada,39.5,PPP,3443.9,49,-7.0,34,663
RAIL1393,South America,37.7,PPP,2610.4,48,0.4,25,900
RAIL1394,Canada,64.8,Design-Bid-Build,989.5,10,-1.7,10,867
RAIL1395,Europe,74.6,PPP,1388.2,45,-1.2,16,997
RAIL1396,Africa,61.8,Alliance,735.5,38,-3.3,8,916
RAIL1397,Australia,38.4,Design-Bid-Build,40.3,38,9.1,0,581
RAIL1398,South America,58.9,DBFOM,700.4,31,2.6,14,851
RAIL1399,Australia,90.0,DBFOM,3572.4,12,5.7,26,715
RAIL1400,Europe,45.2,Design-Bid-Build,796.2,108,-4.0,7,373
RAIL1401,USA,58.7,PPP,363.4,58,-1.8,3,935
RAIL1402,South America,83.9,Alliance,77.2,51,-1.6,1,653
RAIL1403,Europe,26.7,Design-Bid-Build,681.7,75,2.1,7,905
RAIL1404,Canada,25.7,Design-Bid-Build,159.2,24,-0.5,3,988
RAIL1405,Europe,18.4,Design-Bid-Build,19.0,59,2.1,0,546
RAIL1406,South America,82.3,DBFOM,34.7,76,3.0,1,653
RAIL1407,Asia,70.9,EPC,0.1,11,0.4,0,750
RAIL1408,Europe,59.6,PPP,1124.9,35,-2.3,8,774
RAIL1409,Europe,42.1,EPC,3510.7,37,3.0,26,745
RAIL1410,Africa,71.6,Design-Bid-Build,809.4,78,-8.0,5,814
RAIL1411,Canada,73.3,Alliance,824.4,57,0.1,10,738
RAIL1412,Africa,81.4,PPP,139.8,24,0.3,1,880
RAIL1413,Canada,43.1,Design-Bid-Build,2195.6,70,5.3,24,793
RAIL1414,South America,67.5,EPC,372.8,50,-0.9,5,692
RAIL1415,Asia,39.2,EPC,43.4,24,6.5,0,805
RAIL1416,USA,16.3,Alliance,945.4,14,-8.4,12,855
RAIL1417,South America,84.1,DBFOM,971.2,61,0.1,10,719
RAIL1418,Africa,45.9,PPP,16.5,40,1.6,1,894
RAIL1419,Canada,78.1,Alliance,2649.1,86,2.9,21,545
RAIL1420,Canada,37.4,DBFOM,2035.8,12,2.9,23,729
RAIL1421,Canada,40.4,DBFOM,124.4,36,0.6,0,793
RAIL1422,Africa,92.0,DBFOM,12.0,24,4.2,0,710
RAIL1423,Europe,24.9,DBFOM,2647.3,35,7.1,20,790
RAIL1424,Africa,33.4,Alliance,954.9,37,2.0,11,726
RAIL1425,Canada,28.6,Design-Bid-Build,1099.8,48,-2.3,12,621
RAIL1426,Europe,11.1,Design-Bid-Build,1681.8,60,-4.3,17,778
RAIL1427,Canada,59.7,Design-Bid-Build,351.1,71,4.3,4,667
RAIL1428,Europe,65.8,PPP,87.3,15,-0.3,0,838
RAIL1429,Europe,60.1,Alliance,1140.4,10,6.3,4,993
RAIL1430,Australia,64.7,Design-Bid-Build,2149.3,18,3.1,23,657
RAIL1431,USA,48.8,EPC,175.6,69,-1.4,1,855
RAIL1432,Asia,48.7,PPP,834.5,15,-1.3,6,752
RAIL1433,Europe,62.7,PPP,500.9,48,2.5,6,736
